0,0.172376899,0.937417859,0.355723296
0,0.174994664,0.937337747,0.352294985
0,0.17852815,0.938562682,0.360173337
0,0.170098028,0.936178115,0.364549544
0,0.875925784,0.393694043,0.553268511
0,0.824954135,0.423737965,0.515125297
0,0.816187367,0.463374627,0.511902025
0,0.874644559,0.447350374,0.50997423
0,0.781677923,0.434775246,0.539864191
0,0.832156892,0.439354574,0.542649426
0,0.810373377,0.487368915,0.543924519
0,0.852239687,0.410233426,0.49929034
0,0.873678103,0.472582375,0.573238886
0,0.813213622,0.385060213,0.441114554
0,0.875155408,0.372414742,0.571527997
0,0.832467073,0.428330829,0.525538188
0,0.866922878,0.433222416,0.525597234
0,0.813165924,0.411109522,0.499867359
0,0.882979834,0.490109561,0.559295471
0,0.829331055,0.411020026,0.52318476
0,0.847772611,0.494421891,0.589529783
0,0.823864961,0.452087345,0.543799349
0,0.852350302,0.412753921,0.493873415
0,0.812944112,0.446355026,0.521269375
0,0.840144892,0.445758312,0.441443279
0,0.831393575,0.415603201,0.53343778
0,0.845748167,0.383501922,0.555807699
0,0.818386114,0.430144145,0.519093712
0,0.780693923,0.475669801,0.532795759
0,0.90336763,0.426958852,0.524530684
0,0.814542359,0.453145422,0.495792632
0,0.821878725,0.439438921,0.529730844
0,0.892955689,0.366609562,0.557287179
0,0.78924207,0.383701806,0.449151486
0,0.84359711,0.435819273,0.5285727
0,0.875804263,0.379044811,0.487909431
0,0.821825863,0.348894873,0.487302292
0,0.786486671,0.39671836,0.551125211
0,0.836797486,0.368301501,0.447653997
0,0.852498033,0.43449204,0.517598663
0,0.853007036,0.419547043,0.474929372
0,0.798012372,0.478481122,0.536657885
0,0.864688591,0.46728027,0.55953876
0,0.838978737,0.4305486,0.526488545
0,0.824095423,0.452729081,0.550376643
0,0.825721869,0.42123911,0.512767028
0,0.765395542,0.403973032,0.561552298
0,0.809871236,0.472653281,0.563751566
0,0.806725122,0.444192962,0.554819047
0,0.832802557,0.429775703,0.516488065
0,0.850371456,0.387689689,0.455252259
0,0.837496055,0.466146694,0.506053569
0,0.782761662,0.433355416,0.531735846
0,0.812565513,0.386560103,0.576780364
0,0.769935054,0.470925749,0.468043622
0,0.88255324,0.380162697,0.574074644
0,0.854369778,0.435721967,0.480631689
0,0.834795874,0.436209598,0.524082354
0,0.764661492,0.494864801,0.511062816
0,0.859492836,0.435617709,0.537258988
0,0.829612041,0.47394273,0.572475002
0,0.858367496,0.444806134,0.578896954
0,0.789109598,0.433045016,0.469373347
0,0.832848302,0.43049446,0.522157753
0,0.885099384,0.375499768,0.489518629
0,0.841785289,0.417099725,0.528228991
0,0.82420626,0.438581778,0.485147988
0,0.782034149,0.384132182,0.470659749
0,0.850557665,0.39851135,0.48444077
0,0.91792021,0.470317261,0.533742428
0,0.788443822,0.478671294,0.56841545
0,0.894515247,0.410730659,0.467090916
0,0.824428893,0.433361872,0.527677695
0,0.769672981,0.448365715,0.492262249
0,0.835727865,0.462202348,0.505851114
0,0.882007176,0.368453164,0.488962697
0,0.888492215,0.39907924,0.585007239
0,0.785689268,0.385940318,0.565146931
0,0.867404671,0.36339938,0.535765628
0,0.880122745,0.422659357,0.569589922
0,0.815767245,0.45133007,0.528222104
0,0.828802444,0.385637388,0.588807848
0,0.845441443,0.426197427,0.575584153
0,0.829515128,0.450750099,0.450038287
0,0.840787068,0.419519812,0.531940887
0,0.801851901,0.448334564,0.538338568
0,0.827555745,0.437968772,0.511955008
0,0.864030196,0.441314398,0.55810316
0,0.837188943,0.455193191,0.593253726
0,0.76134768,0.434837445,0.563728583
0,0.76837199,0.46778103,0.536802146
0,0.80325423,0.379509541,0.587250982
0,0.843877264,0.411493797,0.510193696
0,0.777340717,0.433415629,0.558986811
0,0.840528408,0.43433182,0.521890094
0,0.816497542,0.457195999,0.537552595
0,0.818755761,0.407903076,0.57897528
0,0.846427648,0.410909021,0.555627143
0,0.83639466,0.390068334,0.512484682
0,0.791868173,0.472793203,0.510788054
0,0.816712464,0.449764616,0.521254485
0,0.836078825,0.456277455,0.519794259
0,0.833517364,0.42977185,0.522481563
0,0.809948064,0.368024291,0.510170427
0,0.830524268,0.387953963,0.573980377
0,0.834779302,0.434680983,0.526998877
0,0.77799757,0.49403676,0.51141305
0,0.830443573,0.430169508,0.52349932
0,0.822945614,0.438549203,0.507748225
0,0.823906817,0.460333984,0.564535277
0,0.912749513,0.454788755,0.565567113
0,0.816620277,0.446192614,0.50862635
0,0.899609247,0.367930508,0.522554671
0,0.810602602,0.438903105,0.490429943
0,0.825796122,0.441784007,0.531386973
0,0.883519023,0.35031448,0.541553081
0,0.747662693,0.41738801,0.563787151
0,0.841683714,0.428407342,0.514290455
0,0.831592678,0.377610783,0.513125058
0,0.789513025,0.420398828,0.476630442
0,0.785313078,0.442318742,0.465650061
0,0.790064515,0.430826316,0.48069735
0,0.843542869,0.44450575,0.541980704
0,0.856014833,0.392107579,0.512369651
0,0.882161684,0.391768767,0.486298259
0,0.7854926,0.365429858,0.474813502
0,0.87848672,0.35808291,0.509061382
0,0.851688505,0.471236779,0.555132072
0,0.796641672,0.410112752,0.471838825
0,0.858668948,0.412783313,0.46679367
0,0.842141364,0.441933988,0.513336493
0,0.865368487,0.421683311,0.491730163
0,0.849870558,0.442537296,0.514829718
0,0.852547474,0.423468337,0.541366954
0,0.844564957,0.345235229,0.534326275
0,0.792814227,0.403099422,0.483362092
0,0.870870172,0.485438003,0.489042101
0,0.84595452,0.430399056,0.521988487
0,0.76722194,0.450202436,0.548591594
0,0.853910545,0.410952733,0.472511628
0,0.804388958,0.425152614,0.52285302
0,0.805742071,0.487763817,0.570278897
0,0.872634433,0.45650359,0.524269713
0,0.788140123,0.385564079,0.574023549
0,0.866425955,0.426721254,0.44196212
0,0.86066879,0.403930426,0.553530519
0,0.850121404,0.397759937,0.520501972
0,0.784540352,0.394020635,0.456769378
0,0.839820363,0.435919408,0.529163435
0,0.886763118,0.445484809,0.479860431
0,0.864406736,0.400191365,0.539131618
0,0.826205312,0.443855494,0.509348046
0,0.878033718,0.379609544,0.533329265
0,0.837013398,0.420104407,0.51495857
0,0.782180865,0.476879459,0.479748381
0,0.831077644,0.438909581,0.535786799
0,0.871641989,0.414195695,0.489256755
0,0.783566846,0.367335464,0.496294117
0,0.828078464,0.455796936,0.495724624
0,0.804149318,0.412704553,0.46895869
0,0.80838623,0.436165359,0.552906356
0,0.81560204,0.412369528,0.499973249
0,0.812737694,0.513524178,0.518967947
0,0.832022393,0.430102386,0.515227401
0,0.865857494,0.438775006,0.592120862
0,0.813949236,0.452135362,0.530551771
0,0.834895783,0.427385176,0.525592044
0,0.795841347,0.434425726,0.536898357
0,0.855848647,0.401676174,0.52230252
0,0.850172058,0.450720666,0.516949027
0,0.847059425,0.453313943,0.502941282
0,0.8473705,0.404027125,0.546550247
0,0.832687177,0.35004025,0.559143087
0,0.798258462,0.416372291,0.492680524
0,0.859705945,0.445141503,0.512409414
0,0.872354211,0.393002749,0.500202537
0,0.901739896,0.375126395,0.53373826
0,0.836047572,0.431256534,0.522969063
0,0.832403348,0.42692953,0.524210455
0,0.832267363,0.371889357,0.548443284
0,0.884388116,0.471021706,0.508298989
0,0.816787674,0.429810938,0.538542966
0,0.825569722,0.440110883,0.518685589
0,0.829585545,0.429934876,0.518546738
0,0.813065744,0.447032142,0.489623129
0,0.892571928,0.424522727,0.455868112
0,0.827929772,0.449223445,0.504165303
0,0.829616313,0.431361196,0.521628877
0,0.783697987,0.448862395,0.470985681
0,0.802891135,0.429516754,0.468334255
0,0.834703877,0.41866588,0.507505301
0,0.8462802,0.428497509,0.500877917
0,0.850740741,0.434147981,0.50758624
0,0.834700027,0.436740912,0.527335129
0,0.83242089,0.428199364,0.514798997
0,0.777019259,0.390490541,0.546874078
0,0.829661497,0.365942099,0.577267698
0,0.84247638,0.408757604,0.543562515
0,0.81990104,0.429960513,0.47837603
0,0.886490306,0.391739384,0.515910732
0,0.830870017,0.367610832,0.48732368
0,0.859157577,0.413047868,0.478226985
0,0.8050938,0.468732791,0.474537135
0,0.776940308,0.435820045,0.492456994
0,0.823422508,0.432071946,0.520557176
0,0.833563813,0.446402502,0.520862002
0,0.801319962,0.41316022,0.5052395
0,0.809475528,0.451878326,0.499196141
0,0.807008049,0.365870109,0.479521893
0,0.846484977,0.443833711,0.546559752
0,0.829539184,0.434940937,0.5263897
0,0.828804735,0.471402698,0.512897584
0,0.825477018,0.418752648,0.548716623
0,0.889625625,0.49069772,0.500134366
0,0.758499578,0.391296404,0.541524532
0,0.837276788,0.44113738,0.578630098
0,0.824283398,0.414122185,0.512287743
0,0.817834704,0.389360429,0.462804486
0,0.85339329,0.400624999,0.524828931
0,0.849653802,0.451434975,0.477687748
0,0.835232895,0.445546422,0.542185364
0,0.836273612,0.432251577,0.482037918
0,0.813392915,0.454109698,0.498997456
0,0.787442608,0.457231274,0.467474182
0,0.825848654,0.422890948,0.516696464
0,0.812503306,0.423769322,0.504747087
0,0.852902457,0.434392062,0.475945965
0,0.791561674,0.438308682,0.600136179
0,0.899604045,0.360990743,0.519739932
0,0.877754896,0.478927747,0.540361259
0,0.748949063,0.423242581,0.536148418
0,0.826369316,0.417229587,0.542063735
0,0.86338546,0.421616945,0.512126795
0,0.837551631,0.419151076,0.508654161
0,0.83668903,0.411778931,0.509897687
0,0.750971987,0.425868555,0.515939506
0,0.833925886,0.425364504,0.52538759
0,0.860550206,0.470555678,0.487540481
0,0.857204017,0.440978705,0.483916683
0,0.855590738,0.43434148,0.483135301
0,0.804613531,0.405271283,0.561854331
0,0.828446416,0.421390473,0.54263566
0,0.781394066,0.481679074,0.493311943
0,0.84759644,0.439853897,0.539895908
0,0.884166707,0.415163255,0.454103926
0,0.909634955,0.472163052,0.527785705
0,0.831948826,0.450673221,0.548082608
0,0.831691742,0.43622111,0.514742534
0,0.773156858,0.43007645,0.57958394
0,0.804693664,0.444773346,0.539650146
0,0.814303234,0.444513623,0.553901995
0,0.875215077,0.405350459,0.487884891
0,0.832641425,0.431584775,0.521904239
0,0.847492144,0.388718858,0.503611051
0,0.896665295,0.392393536,0.553074757
0,0.802677398,0.351834414,0.484020447
0,0.824786148,0.459693169,0.554555431
0,0.811497271,0.442813674,0.533237249
0,0.829451759,0.430812041,0.521805869
0,0.822865339,0.43512945,0.523534301
0,0.856733299,0.384716029,0.480304088
0,0.768912907,0.410268208,0.540095242
0,0.843256028,0.415016474,0.548521211
0,0.890349767,0.389228606,0.507324996
0,0.793732157,0.504826688,0.485161546
0,0.866339374,0.493089354,0.520234982
0,0.856181303,0.406435778,0.526796681
0,0.831543052,0.464261595,0.514018146
0,0.813925712,0.367111144,0.461472441
0,0.800388244,0.422154628,0.464862549
0,0.825770505,0.396997985,0.539107995
0,0.87205048,0.397268269,0.56121898
0,0.835282942,0.432285529,0.516101877
0,0.868953025,0.442262391,0.449628269
0,0.89406239,0.480914706,0.53132805
0,0.838606986,0.466237055,0.521472799
0,0.834833782,0.399443519,0.51113973
0,0.814441104,0.434640873,0.507098884
0,0.861737336,0.447323766,0.457664888
0,0.781662295,0.488944878,0.487335907
0,0.821727619,0.396470186,0.48264248
0,0.788574284,0.483621557,0.530335765
0,0.857863236,0.388580928,0.532773729
0,0.895298723,0.469177009,0.549492921
0,0.863830717,0.496019119,0.55084843
0,0.867597027,0.431853595,0.490755137
0,0.82963869,0.459532722,0.507658521
0,0.832585915,0.437698769,0.526183735
0,0.80201571,0.396691513,0.46167099
0,0.83350219,0.425756358,0.519328784
0,0.829719528,0.427723631,0.520542551
0,0.829264222,0.429642688,0.524301349
0,0.88404223,0.466908279,0.501048137
0,0.820290114,0.440702435,0.527332121
0,0.870342845,0.428214475,0.577386766
0,0.861310596,0.433929895,0.51612965
0,0.855137999,0.480567366,0.576979764
0,0.893485876,0.404687013,0.460478799
0,0.884287019,0.491058405,0.563182707
0,0.82052442,0.421708804,0.52692344
0,0.823325519,0.410324161,0.433230787
0,0.869218261,0.395258763,0.501127475
0,0.819614667,0.412528853,0.505058736
0,0.875273691,0.429511146,0.584489097
0,0.835507602,0.423674442,0.525281772
0,0.825540121,0.404598979,0.508388647
0,0.81597023,0.431736309,0.528089723
0,0.804223847,0.421412888,0.493080063
0,0.839002074,0.397791173,0.492909183
0,0.859889234,0.441041986,0.532622758
0,0.847921517,0.452443187,0.546498033
0,0.806663918,0.423916529,0.479665379
0,0.79393765,0.42831239,0.535715902
0,0.824935878,0.415490187,0.512950017
0,0.854770793,0.472175214,0.562241992
0,0.835023257,0.411322336,0.532912438
0,0.843013534,0.419122216,0.533731615
0,0.84302375,0.450677772,0.519445677
0,0.848226435,0.342721354,0.493590496
0,0.885290937,0.373202599,0.472255857
0,0.86883112,0.418133047,0.564762449
0,0.815665606,0.400176327,0.480469321
0,0.807867227,0.444854899,0.540146404
0,0.88090097,0.428068404,0.50878257
0,0.810730951,0.402279359,0.551878232
0,0.869228053,0.460784513,0.577160765
0,0.872131507,0.457506985,0.555572491
0,0.867742332,0.458167143,0.488611421
0,0.806750609,0.427829885,0.543568861
0,0.887865719,0.380762125,0.496761317
0,0.856419163,0.41249147,0.450557987
0,0.831719913,0.428115476,0.535396648
0,0.814077142,0.426001572,0.530389302
0,0.78026054,0.468089735,0.508785619
0,0.786905867,0.422956562,0.560136274
0,0.869539116,0.379130663,0.593834396
0,0.847356803,0.473390607,0.543725696
0,0.839430419,0.416755172,0.548210778
0,0.83785659,0.413724459,0.516001559
0,0.857604455,0.487284694,0.509982577
0,0.791958924,0.41523473,0.501778137
0,0.762058762,0.434366852,0.533065039
0,0.830655759,0.430755562,0.520307204
0,0.843480135,0.48438057,0.55789498
0,0.819063122,0.402169423,0.499703333
0,0.811179443,0.423382413,0.453701339
0,0.831623115,0.425142323,0.54165448
0,0.874365387,0.442976456,0.470369371
0,0.827275055,0.46525285,0.477440627
0,0.805188025,0.427894912,0.5213
0,0.837065106,0.455186044,0.53476563
0,0.849200665,0.439919737,0.523538679
0,0.818107929,0.394207091,0.451149469
0,0.854840065,0.411524198,0.544833894
0,0.830528063,0.414342195,0.553869992
0,0.827359096,0.412811685,0.529358881
0,0.83257667,0.429348964,0.521407099
0,0.820459558,0.453657225,0.476978343
0,0.836740686,0.442651359,0.525585079
0,0.83756834,0.422014496,0.515587307
0,0.798685655,0.435006441,0.494882716
0,0.812052845,0.462022222,0.552436181
0,0.858335125,0.440753201,0.519336392
0,0.806903136,0.47912436,0.477430802
0,0.797977517,0.416183709,0.552024995
0,0.806694286,0.369563436,0.45165752
0,0.826148766,0.422799244,0.529098503
0,0.850155487,0.405761825,0.466189456
0,0.81318576,0.446923852,0.546260222
0,0.833814507,0.426065522,0.52594795
0,0.829714186,0.431131704,0.52727189
0,0.774338,0.493108027,0.558764568
0,0.862608398,0.398981773,0.520075377
0,0.850742565,0.401196751,0.543977501
0,0.891756261,0.47813238,0.507572988
0,0.846742858,0.417337044,0.601303233
0,0.804171592,0.448218804,0.531373752
0,0.834716616,0.458573107,0.50796746
0,0.812309252,0.37558542,0.515339232
0,0.834509173,0.430660864,0.523166452
0,0.863683291,0.414280356,0.545048763
0,0.814689592,0.397251761,0.492648981
0,0.82854241,0.419724424,0.524757278
0,0.832505226,0.429182009,0.521553045
0,0.812502494,0.396255342,0.554492793
0,0.8715377,0.411159384,0.485860205
0,0.805688742,0.471296143,0.495700257
0,0.860245738,0.415773772,0.524267215
0,0.849345987,0.425610587,0.514445667
0,0.875962874,0.456265228,0.495237595
0,0.799699396,0.457347323,0.482856563
0,0.81359717,0.458049101,0.563239389
0,0.814114676,0.421414384,0.520830721
0,0.832991804,0.406391388,0.5042587
0,0.829072553,0.414345047,0.515876826
0,0.837890065,0.409965441,0.557077781
0,0.90261484,0.38460403,0.516745137
0,0.841456359,0.385074652,0.534675646
0,0.817866891,0.480455344,0.500102513
0,0.832980813,0.429488591,0.521955453
0,0.868202219,0.353665669,0.546360219
0,0.822260897,0.427927983,0.51559584
0,0.829030834,0.42489808,0.563174801
0,0.886452891,0.395864601,0.55354367
0,0.789140461,0.380180222,0.488067122
0,0.836738451,0.448133479,0.531585424
0,0.874363563,0.375499661,0.518809544
0,0.806459583,0.414886521,0.487380676
0,0.843968523,0.452581847,0.502115857
0,0.834452821,0.459605751,0.598332895
0,0.841563734,0.441958801,0.507731782
0,0.821212221,0.442152521,0.59378894
0,0.829616404,0.436115472,0.530549043
0,0.855850224,0.455131774,0.57327358
0,0.794163714,0.383542031,0.476956298
0,0.857240884,0.424510597,0.541461301
0,0.83152775,0.42570565,0.517990183
0,0.848899639,0.414501738,0.522089321
0,0.78606947,0.461815171,0.5092117
0,0.857399634,0.45921806,0.568626192
0,0.866675538,0.414603611,0.538149799
0,0.845738409,0.445045568,0.519997843
0,0.883367219,0.475300425,0.545630785
0,0.876936273,0.468933285,0.461309349
0,0.760619788,0.468507916,0.507145157
0,0.895555999,0.452833438,0.525452979
0,0.804880189,0.413747763,0.565889515
0,0.899046306,0.405531735,0.481786
0,0.825935935,0.42718245,0.527696675
0,0.867131402,0.377192187,0.533682186
0,0.77777943,0.375472265,0.56396348
0,0.833069627,0.401692228,0.554280454
0,0.796260405,0.483726555,0.459342117
0,0.82131325,0.411873733,0.51448634
0,0.852664849,0.439252485,0.504273474
0,0.7619975,0.449459144,0.529097235
0,0.823646182,0.407982677,0.598548392
0,0.794588374,0.454931963,0.484685963
0,0.796167674,0.403293617,0.5531474
0,0.832054953,0.434585676,0.509846266
0,0.808120276,0.429988172,0.432166802
0,0.815177152,0.389261071,0.546082565
0,0.746517976,0.4189943,0.503661856
0,0.796444317,0.405403069,0.571659618
0,0.833912939,0.421898609,0.521197296
0,0.832715602,0.431730325,0.523700526
0,0.851627856,0.444185893,0.553793517
0,0.813455394,0.461946068,0.546793198
0,0.815884196,0.433859115,0.496983055
0,0.843155646,0.417292247,0.514709132
0,0.797815385,0.430207537,0.449777051
0,0.870559124,0.480320023,0.509076711
0,0.831005218,0.425263002,0.523226935
0,0.862399264,0.457810146,0.527170992
0,0.835107807,0.424566646,0.506959912
0,0.835241598,0.425368404,0.518989313
0,0.841460755,0.443837005,0.531144789
0,0.840660768,0.428623938,0.526326413
0,0.865886472,0.354927554,0.560072719
0,0.813990173,0.422363374,0.529796248
0,0.841004562,0.438273221,0.511909486
0,0.840602198,0.418563701,0.511346927
0,0.823414747,0.435702148,0.526356717
0,0.809093797,0.441370394,0.565231956
0,0.861110074,0.461787711,0.541607924
0,0.821176289,0.396372175,0.525423573
0,0.81943772,0.355762862,0.478038081
0,0.834502132,0.43361632,0.54275581
0,0.809181932,0.428933935,0.589446941
0,0.906897299,0.420539708,0.513382303
0,0.842663972,0.420375063,0.513300638
0,0.87498293,0.407691254,0.449739228
0,0.888931822,0.434571679,0.493219312
0,0.823531616,0.391580966,0.525635412
0,0.804914616,0.403345453,0.501854418
0,0.791218462,0.409838758,0.489034642
0,0.801251443,0.425131588,0.550912745
0,0.838117311,0.465908751,0.507212287
0,0.891051518,0.379439672,0.528999612
0,0.84056475,0.439787904,0.535608612
0,0.816181807,0.438771985,0.570750195
0,0.829849463,0.437243002,0.537009272
0,0.806197895,0.402076481,0.491347794
0,0.817107994,0.439056397,0.533566179
0,0.826245281,0.446793737,0.51796003
0,0.859304262,0.400476716,0.504835386
0,0.844641371,0.415982338,0.51389316
0,0.779562832,0.423471688,0.471794722
0,0.87220607,0.481950482,0.531160837
0,0.826146102,0.434684514,0.538742876
0,0.83256979,0.429257654,0.521866398
0,0.823744837,0.423866642,0.505808017
0,0.855036244,0.456617639,0.547104774
0,0.860601497,0.456451961,0.495651633
0,0.88980854,0.399795171,0.477499844
0,0.794001046,0.428733133,0.451802358
0,0.842028706,0.406924881,0.551862214
0,0.761046646,0.442532034,0.525262188
0,0.813871633,0.415652558,0.48947921
0,0.8195422,0.444599976,0.512175494
0,0.855629116,0.40538322,0.52948029
0,0.899894203,0.429225968,0.462444626
0,0.866482896,0.446580933,0.527112644
0,0.824436256,0.420625695,0.529000204
0,0.791649147,0.382652136,0.534237451
0,0.831186971,0.429539927,0.521467788
0,0.787077888,0.41517976,0.527640151
0,0.78383122,0.425276274,0.552650993
0,0.84260249,0.435795813,0.531387253
0,0.779584442,0.463387072,0.580382871
0,0.823524707,0.435685902,0.530241389
0,0.834131851,0.428455073,0.521910709
0,0.81956765,0.414569621,0.430644025
0,0.766128284,0.376354653,0.558887843
0,0.803429293,0.428804844,0.550375368
0,0.884138762,0.448945601,0.589066807
0,0.850701244,0.489537709,0.454777355
0,0.823454148,0.41708009,0.511325168
0,0.798528362,0.404128382,0.539572607
0,0.81319652,0.450593522,0.504766828
0,0.823834897,0.43707396,0.524567172
0,0.856562337,0.40874381,0.521038015
0,0.817577753,0.454915331,0.487601616
0,0.851496075,0.379611458,0.560501788
0,0.832654378,0.43007121,0.527653942
0,0.745122385,0.43178913,0.52483923
0,0.817579709,0.4405552,0.531322364
0,0.849376009,0.439899072,0.510864968
0,0.805510994,0.455053668,0.546708404
0,0.825474602,0.464795924,0.560516506
0,0.847151565,0.462163566,0.487295138
0,0.816681336,0.431617995,0.542888557
0,0.778342937,0.436910903,0.568041205
0,0.78389737,0.361130434,0.496668263
0,0.810396253,0.383106723,0.530177452
0,0.86642753,0.418153868,0.497321766
0,0.847232889,0.42403444,0.513094647
0,0.828972294,0.408147896,0.507594386
0,0.83079252,0.472796727,0.560499959
0,0.788443912,0.481165147,0.474561701
0,0.822990972,0.446856346,0.491919138
0,0.83507405,0.431309528,0.526674198
0,0.843943992,0.337033678,0.498739598
0,0.801056771,0.458230559,0.551358487
0,0.901373659,0.440830445,0.528549271
0,0.812353209,0.436396093,0.525401732
0,0.854738995,0.417057577,0.535387426
0,0.767723275,0.396107644,0.56352188
0,0.875630824,0.485322143,0.482719115
0,0.829333706,0.4331239,0.528960421
0,0.833836559,0.437118451,0.530784616
0,0.848005957,0.492986102,0.495060553
0,0.890166057,0.481234569,0.512253917
0,0.791845248,0.456438121,0.504560805
0,0.828947835,0.438372512,0.513063909
0,0.84795678,0.41261121,0.548858444
0,0.840976316,0.413317738,0.500474945
0,0.902576304,0.423055264,0.465557549
0,0.804909441,0.5080634,0.543088362
0,0.834022734,0.383478089,0.490301309
0,0.831977652,0.409602987,0.540624185
0,0.830606426,0.431926601,0.524412737
0,0.830642513,0.430467742,0.534445002
0,0.840597202,0.438656094,0.487659525
0,0.808317965,0.420807572,0.539985718
0,0.783161703,0.370989248,0.55560987
0,0.872813676,0.390218152,0.485791914
0,0.782255132,0.376363076,0.506113882
0,0.896986389,0.449454908,0.514037345
0,0.840871725,0.504136273,0.494446711
0,0.838710631,0.42831163,0.520713571
0,0.807562725,0.450910885,0.448749747
0,0.840323746,0.432250958,0.488596781
0,0.765313217,0.435199189,0.588051131
0,0.823033689,0.408312413,0.534837729
0,0.780042898,0.483757607,0.53839975
0,0.75722511,0.417105206,0.52791961
0,0.82054583,0.438247769,0.493353011
0,0.862134398,0.393044769,0.510257507
0,0.814704529,0.439036699,0.526293923
0,0.833671289,0.42845292,0.521048733
0,0.862514171,0.459915044,0.546745499
0,0.820031838,0.437692621,0.511970966
0,0.820527012,0.42018682,0.511667416
0,0.848240094,0.440806749,0.513941004
0,0.866238478,0.404812896,0.554782768
0,0.820108702,0.399903279,0.446303131
0,0.908972803,0.438592285,0.4920631
0,0.867805949,0.456062292,0.524308077
0,0.831927476,0.431026612,0.513059237
0,0.879348129,0.364948112,0.484518017
0,0.858345921,0.449977936,0.541130338
0,0.834664897,0.422194504,0.517062765
0,0.819904918,0.429285144,0.521587441
0,0.789671217,0.371583568,0.518815962
0,0.836704315,0.48439673,0.57571734
0,0.81326854,0.359539544,0.510267303
0,0.909321356,0.445485721,0.552188256
0,0.831728955,0.420504474,0.5103941
0,0.833439999,0.453473179,0.476457066
0,0.807687301,0.420735687,0.525306142
0,0.851993897,0.463446778,0.543883041
0,0.831736555,0.429006633,0.523071419
0,0.854264878,0.381985809,0.498637411
0,0.79233642,0.384200319,0.51321671
0,0.831058106,0.455265555,0.530632577
0,0.824623001,0.424972733,0.523564073
0,0.808804538,0.341473007,0.544246772
0,0.335644095,0.331504569,0.283807906
0,0.31929528,0.352446014,0.291288727
0,0.35218954,0.344714159,0.288499455
0,0.359514568,0.358032885,0.301124491
0,0.35445041,0.28425763,0.332368966
0,0.322088971,0.272982602,0.30982403
0,0.292908241,0.343315909,0.322531805
0,0.383439777,0.312056599,0.277216921
0,0.3179737,0.304803766,0.278261056
0,0.336481433,0.298895947,0.349262492
0,0.34720188,0.329253987,0.278313639
0,0.34061913,0.333010551,0.27803166
0,0.312106635,0.399027277,0.269258834
0,0.368822475,0.361616417,0.245249241
0,0.310165053,0.359944118,0.267340622
0,0.333412195,0.354315454,0.241268493
0,0.321230076,0.278619797,0.278666593
0,0.346634817,0.32387428,0.273733365
0,0.333789326,0.341268056,0.271320599
0,0.325739321,0.2856005,0.215370519
0,0.315105934,0.326841146,0.263548579
0,0.33916959,0.334350171,0.28123914
0,0.338672815,0.333901912,0.280791982
0,0.323509014,0.355908505,0.249488407
0,0.32183031,0.32036972,0.294226799
0,0.328439717,0.350026817,0.308445373
0,0.340373118,0.335360399,0.282317579
0,0.28833938,0.363737591,0.242184374
0,0.32913987,0.325454408,0.270571352
0,0.364034205,0.35284557,0.253026471
0,0.334559187,0.341634338,0.288043329
0,0.321733586,0.33829588,0.257848493
0,0.339125754,0.334028045,0.281440526
0,0.310658728,0.390859144,0.305844373
0,0.377887202,0.358220278,0.269260887
0,0.348672806,0.28806949,0.243689788
0,0.306783467,0.356783416,0.245088592
0,0.381612261,0.335933677,0.311659111
0,0.343503844,0.33664073,0.275443733
0,0.289554405,0.385966752,0.251986616
0,0.302669752,0.299240515,0.34423005
0,0.345734081,0.32125824,0.297898555
0,0.348127386,0.338654389,0.287244677
0,0.376360537,0.37580038,0.299255746
0,0.340565593,0.351743575,0.263773957
0,0.352677087,0.322801071,0.282300197
0,0.311272868,0.286437184,0.331354002
0,0.348152671,0.36566789,0.312278532
0,0.371823086,0.296844754,0.318411256
0,0.302771492,0.344617623,0.302974913
0,0.312483831,0.338491808,0.296323541
0,0.33601643,0.337959022,0.280791049
0,0.347441584,0.341035205,0.287279852
0,0.336739257,0.343127969,0.283333807
0,0.335866943,0.355179038,0.254375744
0,0.334315252,0.322211903,0.255939823
0,0.311008566,0.339129827,0.254679391
0,0.340398283,0.334736322,0.281907046
0,0.345337384,0.354043035,0.274596487
0,0.366327841,0.300219356,0.271313889
0,0.299074036,0.281058689,0.2569741
0,0.386828861,0.303496925,0.335449022
0,0.348164775,0.382244952,0.336601929
0,0.290940965,0.289428808,0.254229268
0,0.395953819,0.317132257,0.291565003
0,0.33571368,0.329137379,0.27822489
0,0.349356582,0.320268052,0.254447819
0,0.332302888,0.346253346,0.266152717
0,0.324791388,0.387685118,0.233404533
0,0.34835589,0.358532446,0.340571633
0,0.327147029,0.322218885,0.31286989
0,0.360361289,0.376343812,0.289408399
0,0.3313363,0.325833302,0.273499381
0,0.363390697,0.386922,0.276159125
0,0.328437243,0.362249111,0.289918913
0,0.332941962,0.396650135,0.231362884
0,0.31460162,0.357173172,0.305706487
0,0.309537194,0.283713115,0.261074145
0,0.34776171,0.35322157,0.271110867
0,0.336451585,0.347272608,0.271212164
0,0.286502843,0.283359948,0.30079329
0,0.325972736,0.311866207,0.296969039
0,0.305492599,0.350998531,0.286036819
0,0.358321687,0.288536206,0.332654294
0,0.287931561,0.312928157,0.306150343
0,0.278939807,0.32568137,0.326581128
0,0.336434368,0.340750125,0.262289736
0,0.360414172,0.332363859,0.274780656
0,0.326397977,0.384051115,0.256498327
0,0.309962711,0.304580519,0.271640159
0,0.300561742,0.377001092,0.279884698
0,0.308613528,0.344781619,0.260562649
0,0.338481025,0.333148092,0.292891181
0,0.328653017,0.357252737,0.317785634
0,0.35028552,0.277878085,0.322069537
0,0.342766951,0.355684877,0.361276255
0,0.331070167,0.342256294,0.286220374
0,0.332851401,0.265717899,0.300166748
0,0.367201783,0.308853245,0.309485977
0,0.345100387,0.394279057,0.3380627
0,0.313704817,0.341298365,0.266976888
0,0.32386167,0.354657968,0.348564442
0,0.383288344,0.348586896,0.273915435
0,0.320124494,0.325274918,0.263842232
0,0.337170736,0.327795443,0.280472287
0,0.373003384,0.36663928,0.260981129
0,0.370964724,0.320954903,0.254510705
0,0.326586557,0.348101372,0.272376269
0,0.369251504,0.366286309,0.313005415
0,0.349016096,0.317995261,0.295239447
0,0.338462479,0.313418083,0.254379122
0,0.348557241,0.342206442,0.311096739
0,0.350008847,0.310587997,0.246070847
0,0.342436757,0.327370567,0.287554074
0,0.303313924,0.363592026,0.258484536
0,0.340059957,0.336275015,0.282854923
0,0.343855128,0.327878442,0.286419832
0,0.31803845,0.40724677,0.265979867
0,0.351571542,0.380572004,0.213738513
0,0.344044763,0.27555775,0.239074393
0,0.348516495,0.326787204,0.298853765
0,0.356963603,0.391203668,0.265495913
0,0.335634836,0.334388778,0.344628376
0,0.349059261,0.29081499,0.219382468
0,0.342534236,0.337735435,0.281310989
0,0.311900842,0.260689235,0.275239796
0,0.328023929,0.296287844,0.316946878
0,0.333522761,0.335304355,0.276102012
0,0.335979671,0.334779268,0.280480852
0,0.339624381,0.345186699,0.293200603
0,0.339208062,0.33805093,0.281027822
0,0.338485782,0.331087852,0.284182646
0,0.351278678,0.324435599,0.266005059
0,0.317923363,0.384341774,0.22233279
0,0.297409931,0.351375837,0.224374729
0,0.311026049,0.410904684,0.267429671
0,0.361079484,0.283090281,0.274943519
0,0.297132229,0.372065369,0.236472855
0,0.332246649,0.328903562,0.288544735
0,0.320198893,0.320443986,0.2588846
0,0.338720824,0.333888184,0.286138094
0,0.338700386,0.335017869,0.282073885
0,0.310150897,0.367445881,0.245152414
0,0.310176817,0.332350559,0.21762794
0,0.347557361,0.332754709,0.276006592
0,0.344014225,0.341603647,0.284277839
0,0.337157829,0.339998741,0.274912213
0,0.336862613,0.33902765,0.284838979
0,0.374581902,0.304397557,0.301020537
0,0.269460952,0.320481678,0.314668266
0,0.285474165,0.344173477,0.263320136
0,0.338029516,0.355722522,0.274860117
0,0.341347814,0.340591432,0.294177497
0,0.335730766,0.271665252,0.263657582
0,0.315553145,0.306974044,0.208839407
0,0.33919964,0.337922769,0.280607289
0,0.281282079,0.300228339,0.256806611
0,0.353046599,0.307601624,0.334145165
0,0.352755568,0.31772992,0.277707841
0,0.330739791,0.273324616,0.306250751
0,0.317613151,0.339543843,0.282206984
0,0.339241949,0.335557681,0.282522989
0,0.342731638,0.327302567,0.284750687
0,0.35936337,0.335604496,0.248511178
0,0.383280222,0.376834087,0.326671904
0,0.29933203,0.319893756,0.315429899
0,0.396147743,0.34352988,0.279215836
0,0.317957937,0.392669002,0.268134558
0,0.334971909,0.330851796,0.276169945
0,0.274724156,0.292047274,0.30016404
0,0.33346298,0.334998425,0.281878733
0,0.381722394,0.282034089,0.306780537
0,0.332087534,0.33272644,0.289973529
0,0.379018211,0.299046814,0.229527112
0,0.327528414,0.367373715,0.264282237
0,0.297976891,0.334553005,0.300866507
0,0.349725188,0.310858544,0.27804629
0,0.327837568,0.344548428,0.277250678
0,0.354237799,0.308499109,0.287151974
0,0.288993582,0.341802818,0.249893654
0,0.406642895,0.3111789,0.323058397
0,0.405333631,0.34634302,0.312670878
0,0.347288219,0.31129895,0.326825344
0,0.359108151,0.350564605,0.277922032
0,0.397022761,0.313000116,0.321660034
0,0.305686893,0.322596319,0.33549592
0,0.299696935,0.364238737,0.321538952
0,0.345927932,0.383008286,0.341087567
0,0.308906811,0.319048441,0.315847911
0,0.375911301,0.308143284,0.235587327
0,0.338183705,0.378740923,0.320306007
0,0.292137212,0.357144367,0.322272073
0,0.283989614,0.333625358,0.285490288
0,0.329096827,0.31536713,0.246638078
0,0.357631413,0.352994557,0.28735467
0,0.366352597,0.394991641,0.277942679
0,0.348909319,0.275057165,0.322788043
0,0.373446056,0.371184648,0.307829426
0,0.34139368,0.326338591,0.272633599
0,0.281130925,0.292152078,0.263125097
0,0.394484447,0.316510869,0.338877994
0,0.306676429,0.35288884,0.257128935
0,0.326830431,0.344870364,0.271586199
0,0.302244157,0.316035108,0.242656461
0,0.333070042,0.327260796,0.288671854
0,0.351292914,0.319990443,0.262863297
0,0.387290288,0.305715698,0.321276679
0,0.295183032,0.350576673,0.315002228
0,0.333374546,0.335882545,0.277870143
0,0.349249499,0.329614198,0.271712307
0,0.339801119,0.368616353,0.240430859
0,0.323557136,0.311783897,0.284137519
0,0.337764703,0.359985935,0.225537084
0,0.337348385,0.33559097,0.282893883
0,0.33862434,0.277532257,0.224225812
0,0.364345454,0.325078016,0.284771396
0,0.393519744,0.304469498,0.330381505
0,0.352607795,0.305615012,0.297120184
0,0.32051321,0.309865847,0.303605363
0,0.369127888,0.357561643,0.345641429
0,0.324487283,0.345560037,0.288140098
0,0.399306134,0.353868862,0.286719892
0,0.338250629,0.335233635,0.280883176
0,0.358791428,0.323719339,0.248842757
0,0.363980502,0.348208488,0.298350344
0,0.344271255,0.337893175,0.283410316
0,0.348903338,0.323176021,0.258769663
0,0.281581279,0.387127239,0.311127354
0,0.327934769,0.279598124,0.302976617
0,0.30183501,0.336179619,0.274414477
0,0.362622607,0.360898616,0.325176127
0,0.347085718,0.343307559,0.276183229
0,0.337920234,0.333826323,0.28121183
0,0.339865796,0.335060813,0.282264394
0,0.368181159,0.363317834,0.255698006
0,0.378118509,0.299454537,0.3458623
0,0.362052919,0.360117232,0.262635068
0,0.324672445,0.345929393,0.21581965
0,0.284509831,0.366487549,0.248043014
0,0.287378381,0.361954526,0.249569675
0,0.337917234,0.333829484,0.285830903
0,0.277294785,0.289350989,0.264826014
0,0.301443536,0.391081185,0.329105296
0,0.352578775,0.347004986,0.280490217
0,0.381422446,0.36874719,0.239899867
0,0.363073915,0.379014851,0.260508368
0,0.340251899,0.332436199,0.279794318
0,0.381190415,0.325156121,0.300510857
0,0.354654344,0.283362026,0.291213634
0,0.33804782,0.335316386,0.279220112
0,0.271490209,0.338441808,0.321653749
0,0.368725353,0.298566191,0.264412246
0,0.321781953,0.315510104,0.29208631
0,0.322201979,0.410585214,0.283412521
0,0.396296708,0.287809194,0.287999299
0,0.332242119,0.326664988,0.287837885
0,0.302300812,0.31683012,0.277220187
0,0.360615484,0.284315344,0.330878232
0,0.286235795,0.352719569,0.288828794
0,0.30841467,0.291899897,0.248468247
0,0.329744866,0.325403213,0.276473518
0,0.333295811,0.325831206,0.261063301
0,0.339388046,0.332821027,0.279583465
0,0.33642286,0.370325383,0.261918457
0,0.324607473,0.346517264,0.280072652
0,0.349649235,0.292216262,0.218095534
0,0.34090855,0.345215944,0.29254459
0,0.343817909,0.334920274,0.286335601
0,0.399572237,0.321605287,0.31648723
0,0.319213282,0.304130301,0.269917552
0,0.333022715,0.333008002,0.289264994
0,0.377654528,0.29779903,0.303053909
0,0.308666458,0.272601674,0.290889917
0,0.33204606,0.400403979,0.316916704
0,0.365811747,0.37101817,0.295924512
0,0.369020502,0.322939825,0.308470834
0,0.383050655,0.269150979,0.265307651
0,0.293708074,0.330973374,0.213181961
0,0.328204382,0.326014116,0.270172712
0,0.360556641,0.288108156,0.340446304
0,0.339300383,0.333720551,0.282352698
0,0.329903743,0.340932882,0.271373125
0,0.348416154,0.308861103,0.269307137
0,0.306359187,0.338926462,0.26372774
0,0.325376444,0.323769535,0.26139127
0,0.349861117,0.330734676,0.27887807
0,0.377355515,0.401336649,0.265917048
0,0.309926136,0.314145858,0.233682963
0,0.362186043,0.355674425,0.303044331
0,0.29211101,0.382686922,0.273446935
0,0.36619077,0.313915881,0.273356616
0,0.311587978,0.303109814,0.320148798
0,0.368144663,0.328390845,0.245229921
0,0.388924471,0.334467421,0.226774193
0,0.337073355,0.350829176,0.285914931
0,0.387496346,0.338062268,0.295698676
0,0.313170744,0.318545405,0.226544823
0,0.317468203,0.39640007,0.277807609
0,0.356547078,0.362230008,0.276701848
0,0.334376957,0.321689418,0.295564425
0,0.338988993,0.335301151,0.278485046
0,0.356889251,0.319153158,0.267304218
0,0.349802004,0.352864695,0.348421532
0,0.336828512,0.342714505,0.27562603
0,0.269854055,0.341013518,0.283932736
0,0.334476565,0.348039093,0.271358962
0,0.367352409,0.30847746,0.312407525
0,0.337232901,0.332472485,0.279545505
0,0.324949423,0.330633325,0.295997341
0,0.352575716,0.314455835,0.321694038
0,0.381404379,0.283807253,0.23926291
0,0.368903432,0.358958607,0.30797157
0,0.310817538,0.33998462,0.277079565
0,0.379989132,0.37633548,0.283102286
0,0.347911331,0.340937838,0.28506841
0,0.335475457,0.341701514,0.2896313
0,0.304051691,0.301303619,0.260615428
0,0.337480739,0.326282977,0.285936636
0,0.367297427,0.306934373,0.269395434
0,0.369189909,0.264737148,0.25555398
0,0.364463853,0.288213318,0.25230438
0,0.36678314,0.368336014,0.305081851
0,0.290279722,0.385654881,0.250347193
0,0.394114379,0.307019476,0.330486384
0,0.33074367,0.302085286,0.249988504
0,0.411107701,0.326769125,0.275317607
0,0.339345129,0.334143361,0.28104854
0,0.317357303,0.349287018,0.26544871
0,0.356399591,0.39069794,0.248234029
0,0.361289837,0.340480383,0.266815197
0,0.356252166,0.368781675,0.320405593
0,0.334541032,0.374296465,0.316218089
0,0.330563478,0.324242063,0.29738126
0,0.353331901,0.34242897,0.305575224
0,0.337992677,0.351807994,0.293585396
0,0.390907891,0.358824417,0.261395285
0,0.291284166,0.36027958,0.337912961
0,0.363105944,0.345295027,0.322994953
0,0.308275765,0.323488953,0.319610222
0,0.33585062,0.329223333,0.283314474
0,0.35397589,0.324782213,0.317412947
0,0.355567673,0.362844262,0.30908039
0,0.361224392,0.317048387,0.238551256
0,0.321089338,0.365505918,0.287653599
0,0.342522267,0.324921625,0.290639224
0,0.349897393,0.35999963,0.282505272
0,0.341313948,0.286082965,0.305931404
0,0.352230668,0.363493469,0.242619272
0,0.333434564,0.337329222,0.294401933
0,0.34374999,0.284591056,0.317393723
0,0.343584998,0.322645111,0.25176081
0,0.333979422,0.261737625,0.253030738
0,0.334411264,0.329151417,0.274604176
0,0.305892601,0.390006213,0.296592651
0,0.378219071,0.280608894,0.327232951
0,0.392467944,0.292269114,0.304888588
0,0.357060713,0.373930337,0.261340279
0,0.340329337,0.353258467,0.302625149
0,0.322257476,0.322482621,0.29577308
0,0.327643617,0.355177649,0.303935949
0,0.319756237,0.367947121,0.220655639
0,0.267715795,0.315210228,0.244264202
0,0.38366183,0.305188432,0.237047093
0,0.342367426,0.367701268,0.237108871
0,0.317196705,0.336904366,0.326939562
0,0.387732413,0.321724634,0.220971668
0,0.315897439,0.315519206,0.231099295
0,0.333638691,0.355222085,0.271317626
0,0.320258714,0.332571955,0.262447704
0,0.340982543,0.329317765,0.290895006
0,0.361821209,0.308369656,0.278478096
0,0.28940497,0.394629999,0.304634654
0,0.332489434,0.328010383,0.291164067
0,0.394872221,0.295483777,0.312105395
0,0.272705284,0.342759167,0.29770364
0,0.389583944,0.354483983,0.23671281
0,0.282999022,0.326092913,0.303123851
0,0.366140667,0.306817596,0.28816463
0,0.310598005,0.273486993,0.232997074
0,0.335704551,0.331175935,0.289338871
0,0.328299584,0.348155442,0.272011296
0,0.318771873,0.325089344,0.300577274
0,0.323579597,0.275537471,0.323545833
0,0.311991969,0.371315487,0.226093351
0,0.33774219,0.332128283,0.281872647
0,0.358553275,0.305408618,0.325071333
0,0.304859827,0.309935001,0.253460408
0,0.290193741,0.32855858,0.338533141
0,0.312095506,0.343866218,0.266833673
0,0.364508093,0.299034207,0.316832338
0,0.367180251,0.337655607,0.255705774
0,0.30694376,0.297442574,0.283212182
1,0.379650332,0.601492642,0.197035189
1,0.429603267,0.673418262,0.183317905
1,0.478389402,0.598931788,0.216237946
1,0.484544251,0.610315267,0.197967439
1,0.438070774,0.592393008,0.262636336
1,0.519452341,0.602976259,0.179807083
1,0.458098273,0.626944689,0.194231649
1,0.431987411,0.679571496,0.253310084
1,0.488622914,0.649712714,0.168372036
1,0.476544055,0.620284775,0.210808459
1,0.466089114,0.621200407,0.184066894
1,0.402102741,0.581779786,0.216291471
1,0.467787912,0.626965883,0.187680699
1,0.459156166,0.636736279,0.183615997
1,0.493695078,0.633692305,0.207264268
1,0.466775449,0.565552094,0.245400694
1,0.467098822,0.626546104,0.185658212
1,0.461647291,0.627863177,0.20485566
1,0.473473085,0.610131418,0.197614125
1,0.502172982,0.670151423,0.258186967
1,0.51045792,0.581498009,0.19630993
1,0.483879839,0.570515361,0.173828801
1,0.42639923,0.655091429,0.16367737
1,0.437643464,0.701160862,0.135825896
1,0.489766044,0.654521585,0.169512691
1,0.426767798,0.672629155,0.158018714
1,0.526660278,0.666766983,0.228848125
1,0.4425548,0.623744128,0.113961602
1,0.463744364,0.645122488,0.225631635
1,0.488854509,0.632090951,0.182894712
1,0.481616279,0.603378383,0.207640989
1,0.468563953,0.623332846,0.186570904
1,0.44710704,0.631089255,0.207823712
1,0.459280092,0.678987498,0.225356016
1,0.448122957,0.580523776,0.156577258
1,0.471266795,0.628196548,0.184604601
1,0.454297334,0.636375711,0.191014645
1,0.451553878,0.66858842,0.254524042
1,0.4848185,0.574892476,0.191863219
1,0.446933271,0.647530575,0.193970056
1,0.482319137,0.61471854,0.173145821
1,0.500835466,0.62834398,0.266022046
1,0.46817367,0.625219197,0.188527662
1,0.489835578,0.652248359,0.17256506
1,0.47409811,0.644865362,0.193576082
1,0.458026344,0.608816077,0.171951378
1,0.466840166,0.630429737,0.183023547
1,0.477371569,0.630675133,0.196870999
1,0.532147041,0.608583093,0.22882125
1,0.477362732,0.632232434,0.18780804
1,0.463355815,0.631415762,0.183976855
1,0.437746746,0.670762301,0.165329196
1,0.474879404,0.637956519,0.213999583
1,0.473490933,0.635172077,0.178623571
1,0.43902421,0.676199811,0.2175558
1,0.477320857,0.628856966,0.183745795
1,0.467890297,0.630282893,0.179323468
1,0.497870604,0.58131359,0.242548733
1,0.420882068,0.619041893,0.158514959
1,0.535792582,0.608342237,0.222352847
1,0.524613367,0.577785085,0.199531455
1,0.433964888,0.577973895,0.161626674
1,0.50706991,0.658925778,0.177923207
1,0.473150784,0.628890999,0.19214058
1,0.403630803,0.672095574,0.181240141
1,0.453495476,0.652303822,0.269682292
1,0.491115032,0.665989095,0.192848055
1,0.473710905,0.624937454,0.186241906
1,0.46725874,0.62622982,0.185629115
1,0.478356964,0.607744474,0.216452925
1,0.447702855,0.646152539,0.197864907
1,0.474804931,0.630261582,0.21019218
1,0.501223806,0.599838477,0.214589431
1,0.475244667,0.624120673,0.197019539
1,0.459692284,0.62824121,0.202152752
1,0.483683482,0.568292552,0.1776775
1,0.469230535,0.626871828,0.185129658
1,0.462320708,0.582768052,0.109466193
1,0.524020629,0.575011407,0.202390523
1,0.487830978,0.670728858,0.15913043
1,0.484426916,0.677092472,0.115550218
1,0.50320262,0.664973336,0.218073137
1,0.458023267,0.658283019,0.191809142
1,0.431577416,0.595670698,0.173347577
1,0.461063106,0.63246961,0.185982272
1,0.459030733,0.704510391,0.218734144
1,0.474893308,0.61561714,0.167954519
1,0.470949623,0.63552536,0.190713491
1,0.459894741,0.631026389,0.181568354
1,0.442089328,0.674013337,0.141472625
1,0.455141082,0.63534618,0.196604083
1,0.468378937,0.624751258,0.187477504
1,0.406015266,0.614297159,0.119684287
1,0.459634491,0.621552551,0.191825098
1,0.49767796,0.676478096,0.228684345
1,0.509060795,0.634595121,0.209572885
1,0.427831729,0.606519179,0.230478525
1,0.468831593,0.627587153,0.184334294
1,0.464042908,0.618262003,0.185590578
1,0.473331492,0.624884648,0.1891996
1,0.422348064,0.583838222,0.21143355
1,0.471832866,0.591610181,0.212765979
1,0.410033955,0.597118523,0.14959123
1,0.432078713,0.676132765,0.137856337
1,0.466105303,0.627341532,0.185794764
1,0.472197797,0.642153146,0.176695261
1,0.478616614,0.636953571,0.181121775
1,0.464112359,0.621622016,0.170654361
1,0.491717085,0.625777386,0.201174148
1,0.485157678,0.619183892,0.193485238
1,0.462668717,0.610187829,0.162974276
1,0.523473999,0.618914658,0.183562726
1,0.497687099,0.660936326,0.229998989
1,0.476666611,0.591592037,0.249330798
1,0.477595275,0.63742495,0.181246158
1,0.466594063,0.627684406,0.185447986
1,0.44480744,0.570049512,0.247353409
1,0.50189107,0.648292577,0.131833394
1,0.487894304,0.706878727,0.18203093
1,0.541057701,0.620783809,0.236420566
1,0.511553331,0.656307816,0.244697112
1,0.426219754,0.690168211,0.19799044
1,0.434217583,0.639186511,0.268331868
1,0.467188034,0.625956132,0.185507007
1,0.413154793,0.658041359,0.18778043
1,0.490169947,0.672381543,0.243496656
1,0.440192078,0.551244387,0.148543883
1,0.463024982,0.67239004,0.246851494
1,0.442970115,0.705353871,0.204030773
1,0.461915671,0.634134654,0.183614704
1,0.44586026,0.621500676,0.209716799
1,0.482862086,0.556911532,0.140890118
1,0.434460183,0.681080047,0.188174795
1,0.434056514,0.659301557,0.267620213
1,0.402277867,0.652513935,0.183443637
1,0.468481513,0.622025017,0.180890218
1,0.473976288,0.634636046,0.189176565
1,0.449552331,0.647133754,0.183216058
1,0.494462931,0.621619356,0.17083819
1,0.51622335,0.554872739,0.154506442
1,0.495417406,0.597740364,0.118222522
1,0.464795322,0.626253318,0.156964471
1,0.462420083,0.596488436,0.177294771
1,0.489668733,0.620995566,0.206635688
1,0.392108609,0.595550123,0.231335129
1,0.40260008,0.629011652,0.167365108
1,0.473916532,0.633662024,0.201897426
1,0.496646086,0.597411451,0.158446431
1,0.456313395,0.623053601,0.192468399
1,0.522480506,0.693122785,0.187916919
1,0.488464607,0.705608109,0.140544833
1,0.466957805,0.626661482,0.185470833
1,0.481647638,0.657201517,0.217654564
1,0.515033196,0.646876369,0.158462527
1,0.465629678,0.628938183,0.185334549
1,0.472399273,0.630562594,0.178616908
1,0.512656502,0.570029443,0.194424998
1,0.520216536,0.586540435,0.205209569
1,0.514062166,0.677760088,0.235697914
1,0.440062831,0.670128006,0.238328609
1,0.488576841,0.624236382,0.170701714
1,0.461723235,0.624876157,0.175020741
1,0.472212766,0.531510576,0.198936816
1,0.451962699,0.615366491,0.1746035
1,0.467468025,0.626416672,0.185468876
1,0.441266628,0.583897402,0.215977995
1,0.44811221,0.609791473,0.202278161
1,0.465426625,0.634913632,0.17521279
1,0.472227015,0.601299775,0.182012012
1,0.423981157,0.671333164,0.229618489
1,0.490271164,0.676470664,0.143406228
1,0.52389777,0.619990459,0.185671925
1,0.51648599,0.705207308,0.190818229
1,0.516490071,0.579284787,0.24803926
1,0.456262189,0.601239922,0.164722788
1,0.453867209,0.591299473,0.178640796
1,0.423734611,0.565314724,0.159035397
1,0.500191333,0.593524494,0.132538913
1,0.51429424,0.598263543,0.167505559
1,0.426633354,0.583311293,0.231423978
1,0.489295524,0.607958464,0.182889004
1,0.469126306,0.623678669,0.188333895
1,0.531575521,0.588919599,0.171642853
1,0.461098015,0.63840519,0.176756432
1,0.49066025,0.594753746,0.214320657
1,0.453158957,0.653460152,0.160492182
1,0.470425769,0.646655144,0.211014581
1,0.48617322,0.696541596,0.140175585
1,0.376461061,0.619808404,0.172282824
1,0.457603553,0.622502114,0.180883451
1,0.471224084,0.591869358,0.171792301
1,0.471153893,0.591975548,0.198734706
1,0.502712641,0.616773852,0.214610299
1,0.542962631,0.612411005,0.243436474
1,0.4690244,0.627063377,0.184230849
1,0.479057742,0.654849675,0.175986536
1,0.465859568,0.627891479,0.185649284
1,0.468869072,0.651913169,0.1609716
1,0.459257883,0.617156804,0.185742058
1,0.498440707,0.614871894,0.168826497
1,0.473928978,0.63414027,0.18342397
1,0.437614696,0.5870943,0.263320499
1,0.450447103,0.62639008,0.202246847
1,0.465920799,0.614842952,0.175069489
1,0.463138545,0.606467866,0.164544163
1,0.480631977,0.622743184,0.191126838
1,0.455060646,0.606502646,0.147032007
1,0.428180629,0.682351124,0.14553694
1,0.492548124,0.7015519,0.15338004
1,0.40917667,0.601978478,0.242718813
1,0.522463871,0.626508162,0.182779113
1,0.470788482,0.586436609,0.220199209
1,0.490230788,0.630743595,0.233554916
1,0.467238886,0.633861616,0.17871069
1,0.469115928,0.657994279,0.157020574
1,0.491834679,0.583085294,0.238092123
1,0.464296654,0.67807509,0.13225822
1,0.438892234,0.601910239,0.171627877
1,0.473255355,0.610448254,0.194528759
1,0.505579211,0.632847778,0.128833172
1,0.410795251,0.590419172,0.191810014
1,0.45861913,0.628642607,0.188119976
1,0.471336405,0.615110841,0.181191785
1,0.452604924,0.605349779,0.17546149
1,0.462788192,0.622814501,0.183558311
1,0.412331901,0.630509085,0.210962901
1,0.405927528,0.670022499,0.241585876
1,0.399718338,0.688691083,0.162150434
1,0.449371768,0.656663788,0.209700831
1,0.516615694,0.647124321,0.256443689
1,0.464488462,0.629554739,0.184943458
1,0.459861139,0.608332914,0.176389403
1,0.420213544,0.636248883,0.249471541
1,0.481767782,0.623273389,0.173314922
1,0.463432617,0.632184506,0.192719472
1,0.449368628,0.536899806,0.196741246
1,0.392032887,0.573272351,0.197870573
1,0.462274201,0.617253782,0.186980852
1,0.447046404,0.635122658,0.122753111
1,0.464977471,0.621414508,0.187478177
1,0.517088154,0.594751079,0.260324615
1,0.497148561,0.646613938,0.186219101
1,0.427967749,0.580123868,0.235359149
1,0.473020525,0.647444475,0.247480895
1,0.441038538,0.653923134,0.157777671
1,0.431851126,0.688381111,0.21018564
1,0.471013211,0.612374542,0.186800005
1,0.481689251,0.6319772,0.161811708
1,0.506191452,0.577340163,0.180036003
1,0.471325307,0.607157059,0.171295319
1,0.466712244,0.626536435,0.186282051
1,0.462366203,0.605317901,0.214414677
1,0.459648923,0.556752161,0.172075481
1,0.451923917,0.640700085,0.165678688
1,0.488084601,0.609106095,0.196367006
1,0.461104699,0.674338078,0.21840657
1,0.451180648,0.664202183,0.134909232
1,0.459781471,0.618897459,0.194445551
1,0.480885983,0.627796583,0.112282005
1,0.477197877,0.6356345,0.192416422
1,0.468015151,0.626476491,0.18566842
1,0.539614443,0.627342647,0.178470986
1,0.462185953,0.636550784,0.204230739
1,0.443450902,0.676319044,0.216003144
1,0.460960363,0.626060516,0.176089111
1,0.487491114,0.618701092,0.184935974
1,0.475673618,0.647192535,0.187968544
1,0.414278312,0.572959706,0.236841504
1,0.470427382,0.644183263,0.195199491
1,0.485795207,0.637463955,0.169872673
1,0.458018165,0.612418156,0.18040951
1,0.452686849,0.61071509,0.162725667
1,0.462639726,0.558910553,0.177997949
1,0.489746584,0.598127132,0.145263383
1,0.451295936,0.636498443,0.219772084
1,0.552427811,0.607600125,0.164199082
1,0.408715329,0.554972482,0.173923921
1,0.482803447,0.63199873,0.171560121
1,0.475097713,0.629952096,0.174882244
1,0.413351726,0.568977073,0.200457063
1,0.462503149,0.62131741,0.180944816
1,0.482267785,0.623981324,0.204289724
1,0.467444366,0.625651639,0.186308485
1,0.493225766,0.650429219,0.210048732
1,0.502959339,0.613954869,0.222388101
1,0.413901836,0.613746459,0.189907307
1,0.52225289,0.647865085,0.194746416
1,0.539908638,0.655637628,0.217383553
1,0.467083646,0.626147269,0.185461825
1,0.483612978,0.610247767,0.185458411
1,0.451822655,0.718643866,0.212344099
1,0.501609025,0.585855906,0.159557145
1,0.425750929,0.608278423,0.217196754
1,0.495161928,0.628224488,0.149936593
1,0.489288308,0.594384986,0.155673785
1,0.428775076,0.635799781,0.131472917
1,0.474841735,0.65700004,0.199018287
1,0.477356501,0.594707538,0.180875438
1,0.487001592,0.649795847,0.170774
1,0.469998346,0.632696375,0.189659061
1,0.485383736,0.655424777,0.237467318
1,0.506175165,0.576597547,0.200703576
1,0.434758056,0.603485472,0.194957911
1,0.46500302,0.626468164,0.186416434
1,0.422438797,0.651264929,0.234611932
1,0.453442053,0.640449259,0.198347399
1,0.467738657,0.625539043,0.186487697
1,0.455374975,0.624400806,0.196748387
1,0.498234476,0.636026078,0.188520943
1,0.482209245,0.584731378,0.196085298
1,0.469531254,0.595828055,0.196040005
1,0.470726542,0.636271701,0.177495069
1,0.523285486,0.602189408,0.224383695
1,0.507035768,0.669501173,0.18141407
1,0.458784721,0.658860571,0.237160515
1,0.459019484,0.620845703,0.183071693
1,0.490955705,0.624910685,0.199082451
1,0.440575058,0.583353863,0.170821366
1,0.465642444,0.629340633,0.150250109
1,0.429291133,0.586548309,0.174689846
1,0.480042503,0.625736212,0.162987305
1,0.412896321,0.628004683,0.120034242
1,0.490849998,0.608931811,0.162473247
1,0.474155134,0.621681029,0.192727883
1,0.440139827,0.616221057,0.21125462
1,0.431980729,0.623782952,0.163876165
1,0.481420036,0.671985858,0.145930184
1,0.478296279,0.596104448,0.166054807
1,0.458433523,0.634703491,0.19383432
1,0.428261574,0.656316801,0.177346065
1,0.511585642,0.645059863,0.126481148
1,0.402325208,0.583705235,0.19900555
1,0.437697169,0.607230381,0.214732683
1,0.467670632,0.624920385,0.185689247
1,0.54082643,0.682194462,0.171634364
1,0.461180882,0.616371874,0.215191647
1,0.497094276,0.663509212,0.137518439
1,0.486721753,0.604292926,0.207076626
1,0.457052282,0.622112305,0.179586561
1,0.463563507,0.626824487,0.183807864
1,0.427009435,0.572437872,0.21449779
1,0.497808565,0.673643713,0.214344838
1,0.516055955,0.686641578,0.184053301
1,0.426108383,0.62753745,0.15626544
1,0.495261808,0.606613886,0.228304937
1,0.488582513,0.558632014,0.247282999
1,0.475838598,0.615327636,0.18777741
1,0.493713469,0.655392091,0.132580987
1,0.481981565,0.621106359,0.168727273
1,0.492391819,0.638235877,0.230768067
1,0.465883949,0.629383638,0.198659212
1,0.489552938,0.643319066,0.169239937
1,0.551390092,0.602729201,0.188598766
1,0.467568036,0.622223463,0.180734464
1,0.477510153,0.631802773,0.177476327
1,0.462971293,0.591366972,0.178274477
1,0.379584607,0.609897519,0.187119485
1,0.499535728,0.574882224,0.255064973
1,0.459355704,0.688920158,0.160023149
1,0.471290449,0.632566569,0.190520181
1,0.483386752,0.608319931,0.178830724
1,0.522814851,0.634044747,0.120519145
1,0.535867136,0.673427755,0.220218411
1,0.493518869,0.647711998,0.184008473
1,0.422387234,0.684145852,0.135081639
1,0.502806364,0.654059559,0.175474011
1,0.415395359,0.595421202,0.209992351
1,0.454895269,0.61865504,0.19573188
1,0.436109421,0.585413198,0.207144579
1,0.418976373,0.574233818,0.155750629
1,0.446597136,0.625489854,0.213053972
1,0.45620674,0.671135998,0.139566955
1,0.462572146,0.63385371,0.181302857
1,0.465860469,0.626149788,0.192661318
1,0.51644247,0.585011521,0.138572764
1,0.434760976,0.612511289,0.191911727
1,0.419206896,0.589576469,0.220401069
1,0.512916545,0.631173628,0.19357432
1,0.480651074,0.622037282,0.179989182
1,0.489103123,0.622181221,0.205192288
1,0.473519138,0.587962808,0.217131399
1,0.475800836,0.608769586,0.187803848
1,0.511790735,0.678415457,0.181746312
1,0.432171535,0.589427067,0.212650248
1,0.401094427,0.624546099,0.229838199
1,0.467514346,0.659871257,0.146652984
1,0.471522702,0.632125891,0.18054408
1,0.502727012,0.624911928,0.234552409
1,0.514790806,0.614352682,0.229949088
1,0.477877833,0.611752344,0.178172388
1,0.481071576,0.611049929,0.194461819
1,0.443096495,0.61761,0.160293721
1,0.463980705,0.628748029,0.185336097
1,0.448886701,0.605230303,0.186790776
1,0.492964749,0.64724931,0.226745121
1,0.443676394,0.622568582,0.187078867
1,0.499571861,0.555252904,0.242379713
1,0.466041493,0.620854796,0.182769928
1,0.507246386,0.651389403,0.204884364
1,0.439352014,0.602289633,0.236141658
1,0.417287683,0.582823595,0.212755593
1,0.423111216,0.619258726,0.192436358
1,0.469095694,0.624792916,0.190032734
1,0.494247987,0.57716478,0.144990974
1,0.468308012,0.669751473,0.220489165
1,0.540907892,0.680715451,0.183717583
1,0.476991983,0.609076638,0.203188911
1,0.519649276,0.635082495,0.179557179
1,0.446408818,0.609839985,0.164791166
1,0.467956972,0.630709178,0.176910136
1,0.458136984,0.651817102,0.209447094
1,0.464848948,0.627440645,0.186497722
1,0.473438833,0.642293114,0.174876155
1,0.48859387,0.707384254,0.147496677
1,0.473385414,0.620292668,0.192283702
1,0.485334849,0.612835362,0.184964203
1,0.468359547,0.571716837,0.203641065
1,0.531113626,0.611197974,0.216076344
1,0.474560656,0.665285553,0.148386437
1,0.477655769,0.62112736,0.170627371
1,0.442731842,0.598209806,0.154274788
1,0.46142612,0.593722322,0.210701504
1,0.460975338,0.614499162,0.17804274
1,0.434802376,0.614419167,0.196038614
1,0.450567579,0.605347543,0.156270962
1,0.512612344,0.645537877,0.133638168
1,0.533518391,0.642518094,0.254619551
1,0.458082958,0.644284963,0.200095631
1,0.437883349,0.581879375,0.176922297
1,0.472506958,0.661679614,0.227855041
1,0.428294539,0.593604446,0.177405555
1,0.499674757,0.57076619,0.125018123
1,0.421099817,0.588034781,0.117414454
1,0.520021372,0.664383344,0.166923301
1,0.454747213,0.640057674,0.182498558
1,0.42381563,0.668754283,0.177232714
1,0.479804999,0.633848725,0.19592234
1,0.477400024,0.625582181,0.142644188
1,0.466731934,0.619746691,0.192620652
1,0.466952995,0.626832269,0.184690683
1,0.488449123,0.550277001,0.143501471
1,0.519757826,0.632235064,0.163763003
1,0.460940385,0.634305204,0.171782013
1,0.437036614,0.628523846,0.161101332
1,0.380998218,0.597129577,0.183260483
1,0.401998778,0.681876922,0.195113724
1,0.483836232,0.684626627,0.123492459
1,0.478146873,0.631605817,0.182961018
1,0.428273722,0.579168257,0.130021333
1,0.497230227,0.586922278,0.224796276
1,0.468030549,0.65040053,0.176851421
1,0.492663605,0.581683317,0.187892975
1,0.461204531,0.622216405,0.160999832
1,0.407294208,0.653195084,0.240295735
1,0.503049938,0.580596928,0.241840614
1,0.432650095,0.652730876,0.209551736
1,0.450438724,0.641630819,0.188224294
1,0.451202243,0.705013333,0.184256454
1,0.439077656,0.600944603,0.168458579
1,0.454436866,0.635033392,0.193803516
1,0.528041218,0.574481587,0.141512116
1,0.451543282,0.642658665,0.189814992
1,0.489000909,0.578775875,0.267212545
1,0.397727084,0.621181511,0.134859081
1,0.470049114,0.651909256,0.141033163
1,0.462235381,0.69110927,0.126204056
1,0.436084892,0.661062341,0.193184563
1,0.483775866,0.639660252,0.188995762
1,0.412380888,0.635297687,0.18441823
1,0.479801538,0.63288354,0.191402932
1,0.507867758,0.576214523,0.20973442
1,0.406889519,0.630301787,0.192067351
1,0.473648153,0.660551276,0.256642086
1,0.476211151,0.624080745,0.144893208
1,0.411960448,0.577906603,0.165132137
1,0.488279717,0.599735298,0.19766976
1,0.478992046,0.64699417,0.197006801
1,0.465210686,0.626811452,0.182921996
1,0.485569068,0.60462351,0.182061564
1,0.441060062,0.658569493,0.200223355
1,0.473721666,0.576140651,0.252880539
1,0.488092405,0.595995082,0.17189626
1,0.466053018,0.654036377,0.21228915
1,0.468155067,0.60932419,0.209366488
1,0.423151581,0.66154525,0.225084395
1,0.477259209,0.576186245,0.130817929
1,0.463636229,0.617877173,0.162153621
1,0.428956428,0.644612109,0.227761587
1,0.492946822,0.559586309,0.23010778
1,0.502065024,0.622011103,0.159990428
1,0.430978246,0.68618654,0.128738005
1,0.424636742,0.646299191,0.254842054
1,0.391967336,0.578140274,0.193665781
1,0.466722787,0.626586063,0.184966144
1,0.462522488,0.612908932,0.164129635
1,0.445970092,0.604787116,0.18432859
1,0.53934095,0.667660333,0.183900019
1,0.463588273,0.612565587,0.166143143
1,0.46710901,0.626297858,0.185872684
1,0.430751304,0.606398042,0.259368171
1,0.434912047,0.573634074,0.184732592
1,0.47636501,0.64396885,0.202971219
1,0.421867456,0.68917472,0.231493255
1,0.480860537,0.65082157,0.196709469
1,0.448914047,0.610882783,0.181534701
1,0.457234177,0.609492786,0.19054794
1,0.43760192,0.694861204,0.176484449
1,0.469705861,0.596143002,0.147391377
1,0.465630013,0.627912332,0.183326921
1,0.470253558,0.629658527,0.188584139
1,0.438137014,0.613746424,0.147156615
1,0.429459063,0.608940877,0.226086235
1,0.459473321,0.629736572,0.190936817
1,0.429977278,0.710516951,0.176904257
1,0.49434941,0.555140812,0.192287291
1,0.44711142,0.646019307,0.19987533
1,0.49277141,0.596615484,0.203255044
1,0.435303369,0.535974335,0.196133224
1,0.409298907,0.664358056,0.125941281
1,0.479630164,0.622880065,0.172636028
1,0.445728721,0.62117601,0.20511513
1,0.4460938,0.56945147,0.187843771
1,0.51492623,0.6739411,0.19833025
1,0.475494355,0.624072259,0.181433294
1,0.503175533,0.673073716,0.14792279
1,0.4133386,0.619959015,0.214334432
1,0.468528664,0.627286814,0.159834063
1,0.415313522,0.593583094,0.168587125
1,0.493460837,0.619083122,0.206268038
1,0.449400334,0.603973209,0.18562529
1,0.483253704,0.601296714,0.181382092
1,0.477379037,0.622984274,0.184763727
1,0.409014711,0.627845992,0.195607595
1,0.441595353,0.664672817,0.214710491
1,0.524734505,0.609413608,0.162830486
1,0.486352942,0.607046903,0.165405932
1,0.466850775,0.6240944,0.17387794
1,0.479182353,0.64685119,0.169736162
1,0.490305123,0.64467474,0.186386109
1,0.459492146,0.621997731,0.184618909
1,0.4018039,0.617696358,0.221212537
1,0.460826497,0.626634308,0.191062699
1,0.532854929,0.626259176,0.177570222
1,0.468185782,0.623064639,0.182271014
1,0.449259473,0.619282658,0.194902548
1,0.465413289,0.639493929,0.197219586
1,0.488172446,0.628394854,0.201539155
1,0.394428693,0.667322137,0.213783225
1,0.48719045,0.628339305,0.183970044
1,0.403307606,0.571625452,0.208041837
1,0.422238648,0.601532655,0.142788789
1,0.448624265,0.622553738,0.225877153
1,0.463558798,0.656070824,0.218883322
1,0.478003504,0.647134829,0.186278206
1,0.510225651,0.577283959,0.195665995
1,0.442787583,0.62640194,0.200961693
1,0.464679691,0.632016705,0.227387995
1,0.503333571,0.689537273,0.228782874
1,0.426179091,0.626166833,0.26290397
1,0.437868312,0.674683323,0.153398546
1,0.470394019,0.622816001,0.182088649
1,0.485574365,0.596203441,0.221032402
1,0.470934164,0.665332156,0.224065015
1,0.505796848,0.606233734,0.180803846
1,0.517775628,0.571446631,0.187774514
1,0.525964823,0.596430288,0.114578781
1,0.518440418,0.61241239,0.17530345
1,0.477244878,0.628287105,0.206406623
1,0.481663166,0.609727174,0.172203093
1,0.458008999,0.613790512,0.183746796
1,0.471159969,0.551932507,0.145620011
1,0.438985782,0.658247402,0.200668648
1,0.408557805,0.592269943,0.18095621
1,0.467016093,0.626557431,0.185615852
1,0.484207857,0.554992718,0.213573546
1,0.437624229,0.654959954,0.181660412
1,0.397731685,0.579157555,0.162392879
1,0.459122417,0.672135665,0.250042621
1,0.414659135,0.644381002,0.128099258
1,0.428907051,0.642605694,0.22858583
1,0.468691044,0.571410233,0.131268626
1,0.477990211,0.627649204,0.171706865
1,0.414511206,0.677065235,0.220589742
1,0.395969446,0.617029092,0.25137527
1,0.504312171,0.621445998,0.13486919
1,0.403011755,0.583575731,0.168375662
1,0.459014588,0.592111473,0.232886773
1,0.501002474,0.602190559,0.204470762
1,0.470058126,0.689758863,0.220604697
1,0.461122851,0.574851047,0.226266976
1,0.408090755,0.614569378,0.134299468
1,0.510365919,0.675180842,0.145897935
1,0.496672367,0.687427306,0.134230859
1,0.460405431,0.561884476,0.232828503
1,0.47148524,0.646377392,0.178615274
1,0.461769126,0.623194968,0.189180356
1,0.489326048,0.644573938,0.222078231
1,0.489448085,0.66421116,0.143711475
1,0.513715262,0.662199305,0.206002265
1,0.469885034,0.703158288,0.215654679
1,0.408792343,0.680722314,0.210025345
1,0.442390936,0.567408641,0.258216212
1,0.428379415,0.584760949,0.141492352
1,0.50664529,0.653166619,0.212324613
1,0.508099911,0.632232066,0.156283213
1,0.481491773,0.617550979,0.199570404
1,0.472175927,0.633139568,0.172948017
1,0.492009305,0.64096577,0.206009458
1,0.407518523,0.626715784,0.248063409
1,0.426785079,0.650188438,0.136087826
1,0.396052947,0.600218744,0.210704992
1,0.386084207,0.222991057,0.632301801
1,0.402356995,0.225178305,0.613489927
1,0.363594114,0.184258482,0.564365417
1,0.386572774,0.203451369,0.659335153
1,0.422957298,0.21831467,0.633681712
1,0.371409941,0.232519713,0.607861654
1,0.3911682,0.207361893,0.626307209
1,0.393089341,0.15883065,0.663440621
1,0.395909779,0.212891508,0.637298725
1,0.363852045,0.168006977,0.628343122
1,0.386600066,0.203716228,0.626184748
1,0.404103001,0.189614303,0.584553085
1,0.40109999,0.196278148,0.643536585
1,0.406347023,0.238104699,0.601899569
1,0.422148139,0.225296476,0.657280508
1,0.365377618,0.25999009,0.67146982
1,0.362013594,0.209545454,0.677904988
1,0.383640516,0.210663599,0.620299568
1,0.393446114,0.174199735,0.622251777
1,0.372570505,0.226991301,0.644968503
1,0.418589271,0.13841499,0.63624576
1,0.37733074,0.202530315,0.636459824
1,0.368142734,0.150439043,0.579655211
1,0.389229089,0.225702956,0.603672766
1,0.425990391,0.239602752,0.628543154
1,0.441149896,0.235502443,0.646885982
1,0.367585592,0.153719874,0.673035011
1,0.426983787,0.168990865,0.628818388
1,0.451774466,0.169429394,0.61755741
1,0.334915967,0.172415861,0.607635315
1,0.362157298,0.226339449,0.611386442
1,0.391971666,0.213234322,0.608038808
1,0.373195906,0.275606676,0.599944265
1,0.425983767,0.208932436,0.676332261
1,0.411958897,0.176603592,0.653800287
1,0.363076254,0.199917544,0.687053254
1,0.386496231,0.210811471,0.621156444
1,0.364849888,0.17571674,0.591383367
1,0.444858854,0.238397126,0.574095499
1,0.451468897,0.220919837,0.626624313
1,0.404162485,0.251033916,0.630867324
1,0.374923908,0.23241124,0.579623462
1,0.387985724,0.205056022,0.622956223
1,0.436614645,0.225918612,0.559949602
1,0.412866405,0.152712344,0.678866848
1,0.371634281,0.207820076,0.647975976
1,0.430620239,0.237575167,0.661910825
1,0.368885581,0.230461002,0.615188931
1,0.383054762,0.194671621,0.612387129
1,0.40001969,0.235696513,0.593514847
1,0.334738089,0.231449945,0.633717952
1,0.385713863,0.214924666,0.632813825
1,0.331797246,0.25750907,0.594592719
1,0.388257153,0.216944521,0.602513457
1,0.409049236,0.210375996,0.633392739
1,0.413234286,0.265417937,0.675098716
1,0.380578724,0.258707284,0.618255782
1,0.383909474,0.222574473,0.63714959
1,0.364959114,0.210180492,0.624586819
1,0.380182739,0.196831081,0.609957808
1,0.427278267,0.220066983,0.67055402
1,0.327896335,0.181048635,0.637553806
1,0.399520501,0.186627806,0.582638369
1,0.436856568,0.16661777,0.594531887
1,0.393687309,0.210670493,0.631256272
1,0.414854441,0.220728087,0.596022734
1,0.413205119,0.215768788,0.597244927
1,0.41172735,0.21209541,0.621386621
1,0.364456074,0.250135133,0.647993207
1,0.406823777,0.191155786,0.62887821
1,0.412752506,0.202024621,0.643887786
1,0.412177797,0.187703631,0.611066371
1,0.360406641,0.188993909,0.615514475
1,0.402472865,0.249196536,0.609865198
1,0.398848754,0.18521922,0.648631343
1,0.37871135,0.218201763,0.587179443
1,0.371452818,0.200635827,0.608897085
1,0.400979114,0.217376391,0.628311062
1,0.389698226,0.199214095,0.625822942
1,0.383991277,0.22009589,0.651520899
1,0.4512607,0.179434505,0.621874165
1,0.416842332,0.197280818,0.580628331
1,0.469515873,0.192740509,0.619535512
1,0.366704152,0.21464425,0.648335978
1,0.4002743,0.194516192,0.639824799
1,0.396542006,0.203457733,0.639364947
1,0.389315315,0.208531256,0.62319668
1,0.383502378,0.211552856,0.608643799
1,0.416953374,0.186476338,0.62859964
1,0.389540983,0.215555488,0.614949722
1,0.378995853,0.19581458,0.60607374
1,0.396168864,0.22449943,0.610972842
1,0.370164011,0.183759323,0.606660679
1,0.394524505,0.199449389,0.632580108
1,0.39766175,0.216073339,0.619934415
1,0.394658398,0.207320008,0.628001005
1,0.39396582,0.223097872,0.641533409
1,0.445548882,0.155446657,0.61195098
1,0.386039874,0.216432446,0.634241673
1,0.395670106,0.202746387,0.622228492
1,0.34895276,0.239324695,0.664873521
1,0.43703953,0.229115124,0.62890787
1,0.373522069,0.186691825,0.625711859
1,0.359409929,0.229607248,0.555839004
1,0.397789709,0.213927096,0.605775339
1,0.394162487,0.225414104,0.617378886
1,0.383717092,0.270882953,0.640887073
1,0.398012571,0.140502714,0.616004035
1,0.390274684,0.204619247,0.621713703
1,0.393582741,0.210386121,0.619256053
1,0.375103117,0.13516016,0.606869446
1,0.390683028,0.215230377,0.631194222
1,0.419659274,0.189159587,0.601523745
1,0.387820591,0.181765234,0.641665678
1,0.363148801,0.169306341,0.646747216
1,0.393001092,0.203524506,0.625331341
1,0.386909311,0.197863801,0.621750759
1,0.373085707,0.258314589,0.68737894
1,0.379182891,0.1967663,0.623930928
1,0.405975227,0.24740188,0.61804061
1,0.406380168,0.235488695,0.667869688
1,0.42107279,0.229319162,0.604230801
1,0.3719367,0.270342908,0.59784304
1,0.439129909,0.20348326,0.611459555
1,0.360905984,0.164834866,0.658657865
1,0.372259211,0.197338771,0.618248822
1,0.37579419,0.181205888,0.641762192
1,0.404058507,0.200302571,0.634929236
1,0.408461926,0.182672194,0.617712527
1,0.384122004,0.16161927,0.664092569
1,0.345561338,0.196575584,0.59312928
1,0.403618009,0.213283284,0.637008752
1,0.375235295,0.202140329,0.655477157
1,0.392202322,0.211987109,0.625308216
1,0.390138382,0.207054716,0.624907555
1,0.371374327,0.160561172,0.630546375
1,0.414457266,0.19245982,0.648641894
1,0.433231952,0.163873773,0.646298669
1,0.396359795,0.211530321,0.653004701
1,0.383598,0.202776385,0.647223223
1,0.37179301,0.195071939,0.634726193
1,0.388728332,0.21456142,0.596200812
1,0.448802776,0.155909015,0.601619143
1,0.377749182,0.227037482,0.613188896
1,0.363972844,0.179822463,0.600637716
1,0.394856807,0.206304723,0.621153707
1,0.389293509,0.20158112,0.626252556
1,0.385535354,0.217260733,0.631150613
1,0.339367079,0.248893346,0.586806859
1,0.390603569,0.206021908,0.62550208
1,0.402760901,0.219538802,0.61647468
1,0.387916047,0.194618327,0.615684341
1,0.33244235,0.237586438,0.573940497
1,0.325576942,0.198472342,0.5966926
1,0.328524944,0.212223921,0.651607939
1,0.412828788,0.228413032,0.612876557
1,0.399165446,0.196768373,0.628846083
1,0.41609857,0.168119284,0.600252602
1,0.393816189,0.217826292,0.632386793
1,0.38184745,0.249757117,0.584956701
1,0.428250181,0.243521624,0.57006628
1,0.355329337,0.181137951,0.626120489
1,0.38139423,0.259923828,0.61039574
1,0.408703095,0.221637194,0.584510535
1,0.394726809,0.246307083,0.613619064
1,0.365300462,0.245846952,0.664251208
1,0.39528623,0.203198239,0.615810664
1,0.380351748,0.21220419,0.620585536
1,0.39991015,0.206178979,0.630846691
1,0.408339053,0.184946447,0.638452531
1,0.367739917,0.189918421,0.650519003
1,0.350794663,0.212246696,0.614919324
1,0.383334198,0.184646791,0.605327081
1,0.377578559,0.178261056,0.63790211
1,0.383376245,0.217232012,0.616714089
1,0.410211101,0.1945859,0.617993256
1,0.429463827,0.176979352,0.582630442
1,0.406249781,0.216430416,0.630466835
1,0.413139265,0.176830941,0.581695931
1,0.392374483,0.204114,0.628725668
1,0.414273841,0.207267174,0.602852939
1,0.391538919,0.247274813,0.595072771
1,0.370386704,0.225857046,0.611548934
1,0.426729273,0.192649259,0.6964012
1,0.431030473,0.237822042,0.662586214
1,0.384404944,0.225664211,0.559836816
1,0.407747472,0.240918254,0.618767628
1,0.424141257,0.237854077,0.564361471
1,0.386544358,0.201512252,0.625692272
1,0.430549968,0.151666596,0.6670732
1,0.430157468,0.217662964,0.66274275
1,0.422964647,0.226314009,0.601312018
1,0.400634283,0.247746396,0.679959536
1,0.390130518,0.258399933,0.593344754
1,0.391130307,0.20508078,0.621257375
1,0.436944359,0.241442117,0.583314447
1,0.40528254,0.21731103,0.612495712
1,0.381683899,0.192856891,0.637437183
1,0.421054778,0.246779513,0.669120569
1,0.435083646,0.159738715,0.610380848
1,0.441898507,0.179672207,0.681052134
1,0.421463258,0.186862093,0.641700708
1,0.398780254,0.219586407,0.626912244
1,0.37640815,0.185673698,0.634447041
1,0.395275461,0.206296682,0.631392642
1,0.42029868,0.21958171,0.606009171
1,0.346301684,0.190418502,0.614946698
1,0.339643718,0.194548401,0.569815803
1,0.391273629,0.203337083,0.63505104
1,0.39259901,0.180599341,0.55384953
1,0.350576745,0.192871343,0.591351886
1,0.388247986,0.206616256,0.626913956
1,0.377315121,0.253751083,0.677399817
1,0.352736102,0.165311369,0.584999216
1,0.418504302,0.163692985,0.628384163
1,0.393228381,0.209238032,0.620668148
1,0.389996414,0.211581192,0.623120681
1,0.370449126,0.203007779,0.632466602
1,0.387609565,0.187722748,0.625355246
1,0.411322248,0.224106717,0.62787932
1,0.406975817,0.205896974,0.63433606
1,0.345966133,0.250769086,0.612021926
1,0.322482069,0.221768545,0.585676082
1,0.448577516,0.218635998,0.56959912
1,0.391176369,0.217342751,0.614728602
1,0.364652986,0.188037305,0.648474873
1,0.383067604,0.197829701,0.632742685
1,0.338560063,0.253102923,0.641465014
1,0.349836366,0.280123487,0.628306426
1,0.39192524,0.221583592,0.616433038
1,0.346938729,0.233992929,0.635422609
1,0.379465704,0.176845775,0.61340219
1,0.39068508,0.207771031,0.625743179
1,0.385976571,0.211672482,0.621748855
1,0.355701774,0.168243136,0.576598758
1,0.401462889,0.192021492,0.642402867
1,0.350709484,0.258838923,0.640015174
1,0.375660817,0.211712359,0.639309325
1,0.41512859,0.231934548,0.597280578
1,0.392089238,0.214649118,0.618618509
1,0.402579903,0.216074053,0.647667935
1,0.391415306,0.207660347,0.626640543
1,0.390180885,0.207127459,0.625309421
1,0.402431592,0.200091172,0.609036245
1,0.401646315,0.178822743,0.591250912
1,0.421515087,0.182840994,0.666028861
1,0.386765062,0.226261405,0.614517708
1,0.38956956,0.226101221,0.567706872
1,0.410630731,0.131195206,0.64589653
1,0.374768928,0.251787507,0.679466798
1,0.355491473,0.226477347,0.558695236
1,0.436107823,0.203066854,0.670479063
1,0.398476591,0.195273325,0.617700866
1,0.40810852,0.181069329,0.661519388
1,0.354341947,0.196132191,0.617533204
1,0.37920928,0.214624965,0.616671174
1,0.388566767,0.190616486,0.64342635
1,0.416488623,0.175126978,0.647825638
1,0.397140991,0.21052677,0.617249783
1,0.364807554,0.22129446,0.634603414
1,0.392298968,0.20700066,0.622630243
1,0.373261089,0.192907009,0.633644565
1,0.439229157,0.178511639,0.660043971
1,0.37713165,0.147951227,0.630351327
1,0.34172423,0.218680375,0.582817376
1,0.334750796,0.258748631,0.612585069
1,0.420515828,0.214276315,0.650333609
1,0.367086772,0.206527675,0.61166802
1,0.349019753,0.197894781,0.643881589
1,0.407077688,0.211436732,0.61982994
1,0.437885808,0.176173382,0.612593059
1,0.385528599,0.157915237,0.630083067
1,0.31671951,0.201761506,0.594414484
1,0.390145063,0.206772324,0.625188319
1,0.390512896,0.207286097,0.624514972
1,0.40440469,0.196145589,0.614681457
1,0.413982483,0.221870766,0.621375749
1,0.383715551,0.205661034,0.630933727
1,0.405730202,0.255054312,0.585777269
1,0.413666232,0.275438474,0.642789647
1,0.331601879,0.220519729,0.590016336
1,0.386134589,0.283353214,0.603360226
1,0.399369641,0.247646547,0.578005051
1,0.386181334,0.208163932,0.614650308
1,0.400017384,0.19645087,0.580639468
1,0.390883953,0.206641348,0.624588365
1,0.425054202,0.246585803,0.624140296
1,0.389255938,0.210794008,0.620661963
1,0.371801034,0.191251866,0.607047822
1,0.450927036,0.196340565,0.577263729
1,0.429058958,0.160016778,0.600390473
1,0.367672293,0.173273707,0.592940328
1,0.412211772,0.207315214,0.65547897
1,0.423818266,0.175714982,0.609174492
1,0.400785975,0.194013823,0.632899948
1,0.391368133,0.251002224,0.610019193
1,0.386303048,0.209451456,0.627514309
1,0.367350571,0.18438209,0.611158162
1,0.408799728,0.144274159,0.59891099
1,0.429691476,0.241046619,0.606313433
1,0.376430755,0.175507359,0.595619627
1,0.42695687,0.156322342,0.615699559
1,0.396744517,0.183203269,0.660151388
1,0.371735787,0.220468752,0.57667492
1,0.387735822,0.257519437,0.564018026
1,0.38963013,0.207547133,0.6247618
1,0.37423631,0.197263095,0.616879498
1,0.408542709,0.219702179,0.655648993
1,0.412312539,0.182600248,0.595611771
1,0.431295787,0.162189049,0.627458784
1,0.398310309,0.207315868,0.626190535
1,0.359420593,0.190429722,0.608603405
1,0.405829133,0.198811358,0.626022754
1,0.448922895,0.158414912,0.598746673
1,0.385826105,0.212523385,0.627034092
1,0.393734661,0.20676103,0.627880955
1,0.389229208,0.234024868,0.593826505
1,0.40514515,0.274283564,0.666051449
1,0.420882583,0.207265127,0.647284632
1,0.425255214,0.142955106,0.64881283
1,0.413316928,0.169576722,0.627832719
1,0.345479589,0.182724492,0.57064414
1,0.35995022,0.265286082,0.623691519
1,0.392113407,0.283437059,0.649328309
1,0.388938863,0.205373069,0.621633975
1,0.315904836,0.179833267,0.651842405
1,0.41031462,0.242718101,0.598872558
1,0.379021992,0.213209403,0.634413083
1,0.360592974,0.179581567,0.596614815
1,0.390350858,0.206975236,0.625156713
1,0.413575173,0.221150728,0.642021235
1,0.377419455,0.209721757,0.613405372
1,0.36622365,0.17316974,0.670155389
1,0.378577249,0.183950872,0.603300189
1,0.415415117,0.26628555,0.647292038
1,0.383033501,0.186598395,0.605888258
1,0.399187445,0.263642573,0.604405034
1,0.410962355,0.214137518,0.604450864
1,0.436683568,0.197542494,0.639796907
1,0.380139747,0.209468051,0.632053004
1,0.369302655,0.211903649,0.652359883
1,0.383874134,0.179721357,0.599852698
1,0.369034066,0.211524204,0.655731951
1,0.39748825,0.191656233,0.638003694
1,0.381549908,0.198672947,0.615525751
1,0.321555977,0.217390674,0.663431454
1,0.386758944,0.164358854,0.579902273
1,0.387917724,0.209941391,0.623179776
1,0.409024095,0.240637668,0.657888789
1,0.368684037,0.177522444,0.644564196
1,0.335230056,0.18996181,0.631321838
1,0.395091387,0.241722175,0.634859625
1,0.368817596,0.182225799,0.585603059
1,0.434471872,0.161345489,0.617967872
1,0.391015279,0.183153826,0.612792186
1,0.401175182,0.168130788,0.66917417
1,0.384019481,0.196048388,0.655040154
1,0.400150032,0.253232432,0.625083373
1,0.309971324,0.206857253,0.640357759
1,0.369247806,0.265782639,0.578222258
1,0.371455232,0.237538366,0.648835688
1,0.419978867,0.205549872,0.681490366
1,0.364995341,0.230925945,0.628683454
1,0.388908652,0.200156707,0.631636079
1,0.430104564,0.222539889,0.660351125
1,0.378607551,0.218349109,0.580228838
1,0.443209651,0.159202744,0.608284185
1,0.41823152,0.192769151,0.600910357
1,0.381036965,0.211416395,0.630947551
1,0.412514287,0.235162772,0.585720116
1,0.393489881,0.20598934,0.622481227
1,0.346845256,0.166970282,0.642452628
1,0.390845212,0.206993972,0.62592082
1,0.340917781,0.203200087,0.589084114
1,0.387424031,0.249409622,0.57712473
1,0.407793996,0.163110868,0.676114919
1,0.437462662,0.220221847,0.637906979
1,0.390487437,0.25284875,0.631120759
1,0.370631243,0.220519117,0.622336846
1,0.40325174,0.19609085,0.613271563
1,0.423656357,0.237855222,0.595301154
1,0.381591379,0.197222451,0.632817822
1,0.445133724,0.179140485,0.654120132
1,0.353372459,0.24809217,0.667337932
1,0.433353708,0.162468575,0.621675542
1,0.42987361,0.209975136,0.589946907
1,0.381083988,0.187405885,0.582694448
1,0.384459827,0.176304845,0.657197938
1,0.396472436,0.201888908,0.623609635
