0.0012935,0.5,0.25,80,0.005
0.000841,0.5,0.25,40,0.005
0.0005825,0.5,0.25,20,0.005
0.00044725,0.5,0.25,10,0.005
0.00037765,0.5,0.25,5,0.005
0.004674,0.5,0.25,80,0.01
0.003109,0.5,0.25,40,0.01
0.002191,0.5,0.25,20,0.01
0.001701,0.5,0.25,10,0.01
0.001445,0.5,0.25,5,0.01
0.015772,0.5,0.25,80,0.02
0.010894,0.5,0.25,40,0.02
0.0079,0.5,0.25,20,0.02
0.006242,0.5,0.25,10,0.02
0.005346,0.5,0.25,5,0.02
0.04924,0.5,0.25,80,0.04
0.03566,0.5,0.25,40,0.04
0.026952,0.5,0.25,20,0.04
0.02178,0.5,0.25,10,0.04
0.0189,0.5,0.25,5,0.04
0.14328,0.5,0.25,80,0.08
0.10928,0.5,0.25,40,0.08
0.08584,0.5,0.25,20,0.08
0.070568,0.5,0.25,10,0.08
0.062096,0.5,0.25,5,0.08
0.0012005,0.75,0.25,80,0.005
0.000793,0.75,0.25,40,0.005
0.0005505,0.75,0.25,20,0.005
0.00042035,0.75,0.25,10,0.005
0.00035385,0.75,0.25,5,0.005
0.00439,0.75,0.25,80,0.01
0.002948,0.75,0.25,40,0.01
0.00208,0.75,0.25,20,0.01
0.001604,0.75,0.25,10,0.01
0.001355,0.75,0.25,5,0.01
0.015076,0.75,0.25,80,0.02
0.010426,0.75,0.25,40,0.02
0.007534,0.75,0.25,20,0.02
0.005906,0.75,0.25,10,0.02
0.005028,0.75,0.25,5,0.02
0.04752,0.75,0.25,80,0.04
0.034476,0.75,0.25,40,0.04
0.025848,0.75,0.25,20,0.04
0.020632,0.75,0.25,10,0.04
0.017772,0.75,0.25,5,0.04
0.13952,0.75,0.25,80,0.08
0.1052,0.75,0.25,40,0.08
0.0816,0.75,0.25,20,0.08
0.066864,0.75,0.25,10,0.08
0.05852,0.75,0.25,5,0.08
0.0011365,1,0.25,80,0.005
0.000762,1,0.25,40,0.005
0.000533,1,0.25,20,0.005
0.000406,1,0.25,10,0.005
0.00034125,1,0.25,5,0.005
0.004191,1,0.25,80,0.01
0.002852,1,0.25,40,0.01
0.002021,1,0.25,20,0.01
0.00155,1,0.25,10,0.01
0.001309,1,0.25,5,0.01
0.014474,1,0.25,80,0.02
0.010132,1,0.25,40,0.02
0.007314,1,0.25,20,0.02
0.005658,1,0.25,10,0.02
0.004802,1,0.25,5,0.02
0.0464,1,0.25,80,0.04
0.033492,1,0.25,40,0.04
0.024856,1,0.25,20,0.04
0.0196,1,0.25,10,0.04
0.016988,1,0.25,5,0.04
0.13632,1,0.25,80,0.08
0.10296,1,0.25,40,0.08
0.079752,1,0.25,20,0.08
0.065056,1,0.25,10,0.08
0.056664,1,0.25,5,0.08
0.001082,1.25,0.25,80,0.005
0.0007365,1.25,0.25,40,0.005
0.000516,1.25,0.25,20,0.005
0.00039335,1.25,0.25,10,0.005
0.0003303,1.25,0.25,5,0.005
0.004008,1.25,0.25,80,0.01
0.002762,1.25,0.25,40,0.01
0.001958,1.25,0.25,20,0.01
0.001502,1.25,0.25,10,0.01
0.001266,1.25,0.25,5,0.01
0.01394,1.25,0.25,80,0.02
0.009868,1.25,0.25,40,0.02
0.007152,1.25,0.25,20,0.02
0.005544,1.25,0.25,10,0.02
0.004702,1.25,0.25,5,0.02
0.04524,1.25,0.25,80,0.04
0.03324,1.25,0.25,40,0.04
0.02452,1.25,0.25,20,0.04
0.019416,1.25,0.25,10,0.04
0.016632,1.25,0.25,5,0.04
0.1348,1.25,0.25,80,0.08
0.1016,1.25,0.25,40,0.08
0.077944,1.25,0.25,20,0.08
0.06332,1.25,0.25,10,0.08
0.054952,1.25,0.25,5,0.08
0.00103,1.5,0.25,80,0.005
0.0007175,1.5,0.25,40,0.005
0.000508,1.5,0.25,20,0.005
0.0003876,1.5,0.25,10,0.005
0.00032605,1.5,0.25,5,0.005
0.003859,1.5,0.25,80,0.01
0.002693,1.5,0.25,40,0.01
0.001929,1.5,0.25,20,0.01
0.001482,1.5,0.25,10,0.01
0.001251,1.5,0.25,5,0.01
0.013562,1.5,0.25,80,0.02
0.009662,1.5,0.25,40,0.02
0.006992,1.5,0.25,20,0.02
0.005424,1.5,0.25,10,0.02
0.004598,1.5,0.25,5,0.02
0.04416,1.5,0.25,80,0.04
0.032276,1.5,0.25,40,0.04
0.023984,1.5,0.25,20,0.04
0.01902,1.5,0.25,10,0.04
0.016256,1.5,0.25,5,0.04
0.13248,1.5,0.25,80,0.08
0.10008,1.5,0.25,40,0.08
0.077168,1.5,0.25,20,0.08
0.062576,1.5,0.25,10,0.08
0.054152,1.5,0.25,5,0.08
0.000963,2,0.25,80,0.005
0.000682,2,0.25,40,0.005
0.0004904,2,0.25,20,0.005
0.00037625,2,0.25,10,0.005
0.0003164,2,0.25,5,0.005
0.003622,2,0.25,80,0.01
0.00257,2,0.25,40,0.01
0.001863,2,0.25,20,0.01
0.001437,2,0.25,10,0.01
0.001213,2,0.25,5,0.01
0.01299,2,0.25,80,0.02
0.009304,2,0.25,40,0.02
0.006822,2,0.25,20,0.02
0.005306,2,0.25,10,0.02
0.004498,2,0.25,5,0.02
0.04232,2,0.25,80,0.04
0.031588,2,0.25,40,0.04
0.02362,2,0.25,20,0.04
0.018604,2,0.25,10,0.04
0.015904,2,0.25,5,0.04
0.12904,2,0.25,80,0.08
0.09816,2,0.25,40,0.08
0.075256,2,0.25,20,0.08
0.060816,2,0.25,10,0.08
0.052488,2,0.25,5,0.08
0.000917,2.5,0.25,80,0.005
0.000655,2.5,0.25,40,0.005
0.00047925,2.5,0.25,20,0.005
0.0003715,2.5,0.25,10,0.005
0.00031355,2.5,0.25,5,0.005
0.003432,2.5,0.25,80,0.01
0.002482,2.5,0.25,40,0.01
0.001824,2.5,0.25,20,0.01
0.00142,2.5,0.25,10,0.01
0.001203,2.5,0.25,5,0.01
0.012228,2.5,0.25,80,0.02
0.009018,2.5,0.25,40,0.02
0.006682,2.5,0.25,20,0.02
0.005242,2.5,0.25,10,0.02
0.004458,2.5,0.25,5,0.02
0.04104,2.5,0.25,80,0.04
0.030652,2.5,0.25,40,0.04
0.023024,2.5,0.25,20,0.04
0.018268,2.5,0.25,10,0.04
0.015616,2.5,0.25,5,0.04
0.126,2.5,0.25,80,0.08
0.09632,2.5,0.25,40,0.08
0.074248,2.5,0.25,20,0.08
0.059992,2.5,0.25,10,0.08
0.051848,2.5,0.25,5,0.08
0.000879,3,0.25,80,0.005
0.000634,3,0.25,40,0.005
0.0004714,3,0.25,20,0.005
0.0003674,3,0.25,10,0.005
0.00031065,3,0.25,5,0.005
0.003303,3,0.25,80,0.01
0.002406,3,0.25,40,0.01
0.001796,3,0.25,20,0.01
0.001403,3,0.25,10,0.01
0.001189,3,0.25,5,0.01
0.01184,3,0.25,80,0.02
0.00877,3,0.25,40,0.02
0.006584,3,0.25,20,0.02
0.005178,3,0.25,10,0.02
0.0044,3,0.25,5,0.02
0.03956,3,0.25,80,0.04
0.030124,3,0.25,40,0.04
0.022868,3,0.25,20,0.04
0.01814,3,0.25,10,0.04
0.015524,3,0.25,5,0.04
0.1232,3,0.25,80,0.08
0.09488,3,0.25,40,0.08
0.073336,3,0.25,20,0.08
0.059304,3,0.25,10,0.08
0.051136,3,0.25,5,0.08
0.000824,4,0.25,80,0.005
0.000607,4,0.25,40,0.005
0.0004595,4,0.25,20,0.005
0.00036475,4,0.25,10,0.005
0.00031045,4,0.25,5,0.005
0.003108,4,0.25,80,0.01
0.002304,4,0.25,40,0.01
0.001753,4,0.25,20,0.01
0.001393,4,0.25,10,0.01
0.001187,4,0.25,5,0.01
0.011232,4,0.25,80,0.02
0.008394,4,0.25,40,0.02
0.006434,4,0.25,20,0.02
0.005132,4,0.25,10,0.02
0.004386,4,0.25,5,0.02
0.037952,4,0.25,80,0.04
0.02898,4,0.25,40,0.04
0.022436,4,0.25,20,0.04
0.017968,4,0.25,10,0.04
0.015324,4,0.25,5,0.04
0.11824,4,0.25,80,0.08
0.0924,4,0.25,40,0.08
0.072424,4,0.25,20,0.08
0.058608,4,0.25,10,0.08
0.050608,4,0.25,5,0.08
0.000785,5,0.25,80,0.005
0.0005895,5,0.25,40,0.005
0.00045205,5,0.25,20,0.005
0.0003655,5,0.25,10,0.005
0.00031375,5,0.25,5,0.005
0.002969,5,0.25,80,0.01
0.002239,5,0.25,40,0.01
0.001725,5,0.25,20,0.01
0.001394,5,0.25,10,0.01
0.001197,5,0.25,5,0.01
0.010756,5,0.25,80,0.02
0.008172,5,0.25,40,0.02
0.006356,5,0.25,20,0.02
0.005132,5,0.25,10,0.02
0.004382,5,0.25,5,0.02
0.036536,5,0.25,80,0.04
0.0281,5,0.25,40,0.04
0.022036,5,0.25,20,0.04
0.01782,5,0.25,10,0.04
0.01534,5,0.25,5,0.04
0.11464,5,0.25,80,0.08
0.09032,5,0.25,40,0.08
0.071488,5,0.25,20,0.08
0.058344,5,0.25,10,0.08
0.05024,5,0.25,5,0.08
0.0007565,6,0.25,80,0.005
0.0005765,6,0.25,40,0.005
0.00044855,6,0.25,20,0.005
0.0003661,6,0.25,10,0.005
0.00031645,6,0.25,5,0.005
0.002862,6,0.25,80,0.01
0.002188,6,0.25,40,0.01
0.001705,6,0.25,20,0.01
0.001395,6,0.25,10,0.01
0.001205,6,0.25,5,0.01
0.010396,6,0.25,80,0.02
0.007996,6,0.25,40,0.02
0.006268,6,0.25,20,0.02
0.00512,6,0.25,10,0.02
0.004424,6,0.25,5,0.02
0.0355,6,0.25,80,0.04
0.027572,6,0.25,40,0.04
0.021848,6,0.25,20,0.04
0.01784,6,0.25,10,0.04
0.01542,6,0.25,5,0.04
0.11216,6,0.25,80,0.08
0.08864,6,0.25,40,0.08
0.070824,6,0.25,20,0.08
0.058016,6,0.25,10,0.08
0.05028,6,0.25,5,0.08
0.0007185,8,0.25,80,0.005
0.000561,8,0.25,40,0.005
0.000447,8,0.25,20,0.005
0.00037225,8,0.25,10,0.005
0.0003263,8,0.25,5,0.005
0.002719,8,0.25,80,0.01
0.002129,8,0.25,40,0.01
0.001694,8,0.25,20,0.01
0.001414,8,0.25,10,0.01
0.001238,8,0.25,5,0.01
0.0099,8,0.25,80,0.02
0.00777,8,0.25,40,0.02
0.006202,8,0.25,20,0.02
0.005168,8,0.25,10,0.02
0.004516,8,0.25,5,0.02
0.033972,8,0.25,80,0.04
0.026836,8,0.25,40,0.04
0.021536,8,0.25,20,0.04
0.01792,8,0.25,10,0.04
0.015552,8,0.25,5,0.04
0.108,8,0.25,80,0.08
0.08664,8,0.25,40,0.08
0.069792,8,0.25,20,0.08
0.058008,8,0.25,10,0.08
0.050544,8,0.25,5,0.08
0.000694,10,0.25,80,0.005
0.0005515,10,0.25,40,0.005
0.00044805,10,0.25,20,0.005
0.0003803,10,0.25,10,0.005
0.00033805,10,0.25,5,0.005
0.00263,10,0.25,80,0.01
0.002091,10,0.25,40,0.01
0.0017,10,0.25,20,0.01
0.00144,10,0.25,10,0.01
0.001274,10,0.25,5,0.01
0.009584,10,0.25,80,0.02
0.00764,10,0.25,40,0.02
0.006206,10,0.25,20,0.02
0.005244,10,0.25,10,0.02
0.004624,10,0.25,5,0.02
0.032944,10,0.25,80,0.04
0.026384,10,0.25,40,0.04
0.021448,10,0.25,20,0.04
0.018028,10,0.25,10,0.04
0.01582,10,0.25,5,0.04
0.10512,10,0.25,80,0.08
0.0848,10,0.25,40,0.08
0.069336,10,0.25,20,0.08
0.058264,10,0.25,10,0.08
0.050864,10,0.25,5,0.08
0.000681,12,0.25,80,0.005
0.000549,12,0.25,40,0.005
0.0004536,12,0.25,20,0.005
0.0003899,12,0.25,10,0.005
0.0003498,12,0.25,5,0.005
0.002577,12,0.25,80,0.01
0.002088,12,0.25,40,0.01
0.001717,12,0.25,20,0.01
0.001473,12,0.25,10,0.01
0.001317,12,0.25,5,0.01
0.009376,12,0.25,80,0.02
0.007574,12,0.25,40,0.02
0.006242,12,0.25,20,0.02
0.005318,12,0.25,10,0.02
0.00473,12,0.25,5,0.02
0.03218,12,0.25,80,0.04
0.026048,12,0.25,40,0.04
0.021436,12,0.25,20,0.04
0.018244,12,0.25,10,0.04
0.016136,12,0.25,5,0.04
0.10288,12,0.25,80,0.08
0.08376,12,0.25,40,0.08
0.069056,12,0.25,20,0.08
0.05848,12,0.25,10,0.08
0.051488,12,0.25,5,0.08
0.000671,16,0.25,80,0.005
0.000553,16,0.25,40,0.005
0.0004682,16,0.25,20,0.005
0.0004105,16,0.25,10,0.005
0.0003745,16,0.25,5,0.005
0.00253,16,0.25,80,0.01
0.002085,16,0.25,40,0.01
0.001761,16,0.25,20,0.01
0.001539,16,0.25,10,0.01
0.001398,16,0.25,5,0.01
0.009154,16,0.25,80,0.02
0.007542,16,0.25,40,0.02
0.006354,16,0.25,20,0.02
0.00551,16,0.25,10,0.02
0.004972,16,0.25,5,0.02
0.031284,16,0.25,80,0.04
0.025768,16,0.25,40,0.04
0.02162,16,0.25,20,0.04
0.018688,16,0.25,10,0.04
0.01674,16,0.25,5,0.04
0.09992,16,0.25,80,0.08
0.08248,16,0.25,40,0.08
0.06896,16,0.25,20,0.08
0.059296,16,0.25,10,0.08
0.052712,16,0.25,5,0.08
0.0011475,0.5,0.5,80,0.005
0.000798,0.5,0.5,40,0.005
0.0005625,0.5,0.5,20,0.005
0.0004275,0.5,0.5,10,0.005
0.00035665,0.5,0.5,5,0.005
0.004257,0.5,0.5,80,0.01
0.002988,0.5,0.5,40,0.01
0.002129,0.5,0.5,20,0.01
0.001635,0.5,0.5,10,0.01
0.001369,0.5,0.5,5,0.01
0.01495,0.5,0.5,80,0.02
0.01067,0.5,0.5,40,0.02
0.00777,0.5,0.5,20,0.02
0.00604,0.5,0.5,10,0.02
0.00509,0.5,0.5,5,0.02
0.04892,0.5,0.5,80,0.04
0.035732,0.5,0.5,40,0.04
0.026516,0.5,0.5,20,0.04
0.02094,0.5,0.5,10,0.04
0.01784,0.5,0.5,5,0.04
0.14504,0.5,0.5,80,0.08
0.10984,0.5,0.5,40,0.08
0.0848,0.5,0.5,20,0.08
0.069336,0.5,0.5,10,0.08
0.059528,0.5,0.5,5,0.08
0.0010035,0.75,0.5,80,0.005
0.000727,0.75,0.5,40,0.005
0.0005275,0.75,0.5,20,0.005
0.0004038,0.75,0.5,10,0.005
0.00033795,0.75,0.5,5,0.005
0.003765,0.75,0.5,80,0.01
0.002734,0.75,0.5,40,0.01
0.002002,0.75,0.5,20,0.01
0.001544,0.75,0.5,10,0.01
0.001296,0.75,0.5,5,0.01
0.013534,0.75,0.5,80,0.02
0.009878,0.75,0.5,40,0.02
0.007302,0.75,0.5,20,0.02
0.005706,0.75,0.5,10,0.02
0.004814,0.75,0.5,5,0.02
0.04508,0.75,0.5,80,0.04
0.03352,0.75,0.5,40,0.04
0.025304,0.75,0.5,20,0.04
0.019844,0.75,0.5,10,0.04
0.016852,0.75,0.5,5,0.04
0.13792,0.75,0.5,80,0.08
0.10544,0.75,0.5,40,0.08
0.08096,0.75,0.5,20,0.08
0.06548,0.75,0.5,10,0.08
0.056344,0.75,0.5,5,0.08
0.000906,1,0.5,80,0.005
0.000677,1,0.5,40,0.005
0.0005065,1,0.5,20,0.005
0.0003933,1,0.5,10,0.005
0.0003304,1,0.5,5,0.005
0.003432,1,0.5,80,0.01
0.002563,1,0.5,40,0.01
0.001924,1,0.5,20,0.01
0.001503,1,0.5,10,0.01
0.001265,1,0.5,5,0.01
0.012434,1,0.5,80,0.02
0.009374,1,0.5,40,0.02
0.007044,1,0.5,20,0.02
0.005546,1,0.5,10,0.02
0.00469,1,0.5,5,0.02
0.04232,1,0.5,80,0.04
0.032,1,0.5,40,0.04
0.024448,1,0.5,20,0.04
0.01932,1,0.5,10,0.04
0.016416,1,0.5,5,0.04
0.132,1,0.5,80,0.08
0.10192,1,0.5,40,0.08
0.078776,1,0.5,20,0.08
0.063568,1,0.5,10,0.08
0.054664,1,0.5,5,0.08
0.000849,1.25,0.5,80,0.005
0.0006475,1.25,0.5,40,0.005
0.00049115,1.25,0.5,20,0.005
0.00038875,1.25,0.5,10,0.005
0.0003289,1.25,0.5,5,0.005
0.003211,1.25,0.5,80,0.01
0.002445,1.25,0.5,40,0.01
0.001873,1.25,0.5,20,0.01
0.001484,1.25,0.5,10,0.01
0.001258,1.25,0.5,5,0.01
0.011642,1.25,0.5,80,0.02
0.008962,1.25,0.5,40,0.02
0.006872,1.25,0.5,20,0.02
0.00547,1.25,0.5,10,0.02
0.004652,1.25,0.5,5,0.02
0.04008,1.25,0.5,80,0.04
0.030992,1.25,0.5,40,0.04
0.023872,1.25,0.5,20,0.04
0.019036,1.25,0.5,10,0.04
0.016224,1.25,0.5,5,0.04
0.12664,1.25,0.5,80,0.08
0.09904,1.25,0.5,40,0.08
0.077144,1.25,0.5,20,0.08
0.06256,1.25,0.5,10,0.08
0.053376,1.25,0.5,5,0.08
0.0008085,1.5,0.5,80,0.005
0.000615,1.5,0.5,40,0.005
0.0004819,1.5,0.5,20,0.005
0.00038755,1.5,0.5,10,0.005
0.0003307,1.5,0.5,5,0.005
0.003062,1.5,0.5,80,0.01
0.00235,1.5,0.5,40,0.01
0.001838,1.5,0.5,20,0.01
0.001478,1.5,0.5,10,0.01
0.001262,1.5,0.5,5,0.01
0.011128,1.5,0.5,80,0.02
0.008644,1.5,0.5,40,0.02
0.006732,1.5,0.5,20,0.02
0.005402,1.5,0.5,10,0.02
0.004608,1.5,0.5,5,0.02
0.03816,1.5,0.5,80,0.04
0.029948,1.5,0.5,40,0.04
0.02346,1.5,0.5,20,0.04
0.01888,1.5,0.5,10,0.04
0.016164,1.5,0.5,5,0.04
0.12224,1.5,0.5,80,0.08
0.09656,1.5,0.5,40,0.08
0.075968,1.5,0.5,20,0.08
0.06164,1.5,0.5,10,0.08
0.052952,1.5,0.5,5,0.08
0.0007535,2,0.5,80,0.005
0.000585,2,0.5,40,0.005
0.00046925,2,0.5,20,0.005
0.0003877,2,0.5,10,0.005
0.00033545,2,0.5,5,0.005
0.00286,2,0.5,80,0.01
0.002228,2,0.5,40,0.01
0.001789,2,0.5,20,0.01
0.001476,2,0.5,10,0.01
0.001275,2,0.5,5,0.01
0.010428,2,0.5,80,0.02
0.008164,2,0.5,40,0.02
0.006558,2,0.5,20,0.02
0.005374,2,0.5,10,0.02
0.004634,2,0.5,5,0.02
0.03578,2,0.5,80,0.04
0.02842,2,0.5,40,0.04
0.022864,2,0.5,20,0.04
0.018724,2,0.5,10,0.04
0.01614,2,0.5,5,0.04
0.11512,2,0.5,80,0.08
0.09256,2,0.5,40,0.08
0.07448,2,0.5,20,0.08
0.060856,2,0.5,10,0.08
0.052536,2,0.5,5,0.08
0.0007205,2.5,0.5,80,0.005
0.00057,2.5,0.5,40,0.005
0.000464,2.5,0.5,20,0.005
0.0003923,2.5,0.5,10,0.005
0.00034405,2.5,0.5,5,0.005
0.002735,2.5,0.5,80,0.01
0.002166,2.5,0.5,40,0.01
0.001767,2.5,0.5,20,0.01
0.001489,2.5,0.5,10,0.01
0.001303,2.5,0.5,5,0.01
0.009964,2.5,0.5,80,0.02
0.007912,2.5,0.5,40,0.02
0.006456,2.5,0.5,20,0.02
0.005402,2.5,0.5,10,0.02
0.004704,2.5,0.5,5,0.02
0.034336,2.5,0.5,80,0.04
0.027432,2.5,0.5,40,0.04
0.022488,2.5,0.5,20,0.04
0.018728,2.5,0.5,10,0.04
0.016276,2.5,0.5,5,0.04
0.11,2.5,0.5,80,0.08
0.0896,2.5,0.5,40,0.08
0.073088,2.5,0.5,20,0.08
0.060592,2.5,0.5,10,0.08
0.052624,2.5,0.5,5,0.08
0.000701,3,0.5,80,0.005
0.000564,3,0.5,40,0.005
0.0004636,3,0.5,20,0.005
0.0003991,3,0.5,10,0.005
0.00035125,3,0.5,5,0.005
0.002652,3,0.5,80,0.01
0.002129,3,0.5,40,0.01
0.001753,3,0.5,20,0.01
0.001501,3,0.5,10,0.01
0.001326,3,0.5,5,0.01
0.009674,3,0.5,80,0.02
0.00778,3,0.5,40,0.02
0.006412,3,0.5,20,0.02
0.00546,3,0.5,10,0.02
0.004804,3,0.5,5,0.02
0.033336,3,0.5,80,0.04
0.026908,3,0.5,40,0.04
0.022296,3,0.5,20,0.04
0.018736,3,0.5,10,0.04
0.016392,3,0.5,5,0.04
0.10672,3,0.5,80,0.08
0.0872,3,0.5,40,0.08
0.072312,3,0.5,20,0.08
0.060624,3,0.5,10,0.08
0.052656,3,0.5,5,0.08
0.000682,4,0.5,80,0.005
0.0005605,4,0.5,40,0.005
0.0004727,4,0.5,20,0.005
0.00041555,4,0.5,10,0.005
0.00037565,4,0.5,5,0.005
0.002577,4,0.5,80,0.01
0.002117,4,0.5,40,0.01
0.001782,4,0.5,20,0.01
0.001552,4,0.5,10,0.01
0.001395,4,0.5,5,0.01
0.009332,4,0.5,80,0.02
0.00766,4,0.5,40,0.02
0.006428,4,0.5,20,0.02
0.005596,4,0.5,10,0.02
0.005002,4,0.5,5,0.02
0.032064,4,0.5,80,0.04
0.026332,4,0.5,40,0.04
0.022104,4,0.5,20,0.04
0.0191,4,0.5,10,0.04
0.016852,4,0.5,5,0.04
0.10264,4,0.5,80,0.08
0.08456,4,0.5,40,0.08
0.07128,4,0.5,20,0.08
0.060896,4,0.5,10,0.08
0.053704,4,0.5,5,0.08
0.0006805,5,0.5,80,0.005
0.0005685,5,0.5,40,0.005
0.00048775,5,0.5,20,0.005
0.0004347,5,0.5,10,0.005
0.00039835,5,0.5,5,0.005
0.002553,5,0.5,80,0.01
0.002135,5,0.5,40,0.01
0.001821,5,0.5,20,0.01
0.001615,5,0.5,10,0.01
0.001472,5,0.5,5,0.01
0.009206,5,0.5,80,0.02
0.007668,5,0.5,40,0.02
0.00654,5,0.5,20,0.02
0.00577,5,0.5,10,0.02
0.005222,5,0.5,5,0.02
0.0314,5,0.5,80,0.04
0.02614,5,0.5,40,0.04
0.022212,5,0.5,20,0.04
0.019392,5,0.5,10,0.04
0.017384,5,0.5,5,0.04
0.10016,5,0.5,80,0.08
0.08344,5,0.5,40,0.08
0.070904,5,0.5,20,0.08
0.061488,5,0.5,10,0.08
0.054472,5,0.5,5,0.08
0.0006875,6,0.5,80,0.005
0.0005805,6,0.5,40,0.005
0.0005045,6,0.5,20,0.005
0.000454,6,0.5,10,0.005
0.0004204,6,0.5,5,0.005
0.002571,6,0.5,80,0.01
0.002168,6,0.5,40,0.01
0.001879,6,0.5,20,0.01
0.001684,6,0.5,10,0.01
0.001551,6,0.5,5,0.01
0.009188,6,0.5,80,0.02
0.007748,6,0.5,40,0.02
0.006688,6,0.5,20,0.02
0.005958,6,0.5,10,0.02
0.005446,6,0.5,5,0.02
0.031044,6,0.5,80,0.04
0.026112,6,0.5,40,0.04
0.022424,6,0.5,20,0.04
0.019824,6,0.5,10,0.04
0.017948,6,0.5,5,0.04
0.09864,6,0.5,80,0.08
0.08288,6,0.5,40,0.08
0.070944,6,0.5,20,0.08
0.06204,6,0.5,10,0.08
0.05556,6,0.5,5,0.08
0.000715,8,0.5,80,0.005
0.000618,8,0.5,40,0.005
0.0005465,8,0.5,20,0.005
0.0004991,8,0.5,10,0.005
0.00046895,8,0.5,5,0.005
0.002642,8,0.5,80,0.01
0.002275,8,0.5,40,0.01
0.002002,8,0.5,20,0.01
0.001819,8,0.5,10,0.01
0.001699,8,0.5,5,0.01
0.009334,8,0.5,80,0.02
0.00799,8,0.5,40,0.02
0.00701,8,0.5,20,0.02
0.00633,8,0.5,10,0.02
0.005864,8,0.5,5,0.02
0.031032,8,0.5,80,0.04
0.02646,8,0.5,40,0.04
0.023092,8,0.5,20,0.04
0.02068,8,0.5,10,0.04
0.018964,8,0.5,5,0.04
0.09704,8,0.5,80,0.08
0.08272,8,0.5,40,0.08
0.071776,8,0.5,20,0.08
0.063592,8,0.5,10,0.08
0.057656,8,0.5,5,0.08
0.0007455,10,0.5,80,0.005
0.000656,10,0.5,40,0.005
0.000587,10,0.5,20,0.005
0.0005405,10,0.5,10,0.005
0.0005125,10,0.5,5,0.005
0.002734,10,0.5,80,0.01
0.002395,10,0.5,40,0.01
0.002134,10,0.5,20,0.01
0.001956,10,0.5,10,0.01
0.001843,10,0.5,5,0.01
0.009542,10,0.5,80,0.02
0.008306,10,0.5,40,0.02
0.00736,10,0.5,20,0.02
0.006704,10,0.5,10,0.02
0.006268,10,0.5,5,0.02
0.031348,10,0.5,80,0.04
0.027048,10,0.5,40,0.04
0.023844,10,0.5,20,0.04
0.02154,10,0.5,10,0.04
0.019948,10,0.5,5,0.04
0.09672,10,0.5,80,0.08
0.08304,10,0.5,40,0.08
0.07284,10,0.5,20,0.08
0.065256,10,0.5,10,0.08
0.059752,10,0.5,5,0.08
0.0007805,12,0.5,80,0.005
0.000696,12,0.5,40,0.005
0.0006305,12,0.5,20,0.005
0.0005845,12,0.5,10,0.005
0.0005575,12,0.5,5,0.005
0.002834,12,0.5,80,0.01
0.002515,12,0.5,40,0.01
0.002267,12,0.5,20,0.01
0.002091,12,0.5,10,0.01
0.001982,12,0.5,5,0.01
0.009762,12,0.5,80,0.02
0.0086,12,0.5,40,0.02
0.00769,12,0.5,20,0.02
0.007044,12,0.5,10,0.02
0.006622,12,0.5,5,0.02
0.031748,12,0.5,80,0.04
0.027724,12,0.5,40,0.04
0.024608,12,0.5,20,0.04
0.02238,12,0.5,10,0.04
0.020864,12,0.5,5,0.04
0.09704,12,0.5,80,0.08
0.08392,12,0.5,40,0.08
0.074208,12,0.5,20,0.08
0.066944,12,0.5,10,0.08
0.061728,12,0.5,5,0.08
0.0008525,16,0.5,80,0.005
0.000774,16,0.5,40,0.005
0.0007135,16,0.5,20,0.005
0.0006685,16,0.5,10,0.005
0.000642,16,0.5,5,0.005
0.003038,16,0.5,80,0.01
0.002746,16,0.5,40,0.01
0.002516,16,0.5,20,0.01
0.002342,16,0.5,10,0.01
0.002238,16,0.5,5,0.01
0.010242,16,0.5,80,0.02
0.009184,16,0.5,40,0.02
0.008338,16,0.5,20,0.02
0.007702,16,0.5,10,0.02
0.007302,16,0.5,5,0.02
0.032576,16,0.5,80,0.04
0.028976,16,0.5,40,0.04
0.026,16,0.5,20,0.04
0.023836,16,0.5,10,0.04
0.022412,16,0.5,5,0.04
0.09808,16,0.5,80,0.08
0.08616,16,0.5,40,0.08
0.076848,16,0.5,20,0.08
0.069984,16,0.5,10,0.08
0.0652,16,0.5,5,0.08
0.2089,0.5,0.75,80,0.005
0.1535,0.5,0.75,40,0.005
0.1125,0.5,0.75,20,0.005
0.08678,0.5,0.75,10,0.005
0.07258,0.5,0.75,5,0.005
0.3934,0.5,0.75,80,0.01
0.2896,0.5,0.75,40,0.01
0.2135,0.5,0.75,20,0.01
0.1656,0.5,0.75,10,0.01
0.1391,0.5,0.75,5,0.01
0.7089,0.5,0.75,80,0.02
0.5255,0.5,0.75,40,0.02
0.3878,0.5,0.75,20,0.02
0.303,0.5,0.75,10,0.02
0.2548,0.5,0.75,5,0.02
1.184,0.5,0.75,80,0.04
0.8866,0.5,0.75,40,0.04
0.6697,0.5,0.75,20,0.04
0.5316,0.5,0.75,10,0.04
0.4536,0.5,0.75,5,0.04
1.81,0.5,0.75,80,0.08
1.384,0.5,0.75,40,0.08
1.073,0.5,0.75,20,0.08
0.8753,0.5,0.75,10,0.08
0.7569,0.5,0.75,5,0.08
0.1761,0.75,0.75,80,0.005
0.1359,0.75,0.75,40,0.005
0.105,0.75,0.75,20,0.005
0.08334,0.75,0.75,10,0.005
0.07054,0.75,0.75,5,0.005
0.3358,0.75,0.75,80,0.01
0.2583,0.75,0.75,40,0.01
0.2,0.75,0.75,20,0.01
0.1576,0.75,0.75,10,0.01
0.1332,0.75,0.75,5,0.01
0.6126,0.75,0.75,80,0.02
0.4731,0.75,0.75,40,0.02
0.3651,0.75,0.75,20,0.02
0.2899,0.75,0.75,10,0.02
0.2465,0.75,0.75,5,0.02
1.054,0.75,0.75,80,0.04
0.8146,0.75,0.75,40,0.04
0.6328,0.75,0.75,20,0.04
0.5081,0.75,0.75,10,0.04
0.4288,0.75,0.75,5,0.04
1.67,0.75,0.75,80,0.08
1.308,0.75,0.75,40,0.08
1.023,0.75,0.75,20,0.08
0.8291,0.75,0.75,10,0.08
0.7078,0.75,0.75,5,0.08
0.1592,1,0.75,80,0.005
0.1253,1,0.75,40,0.005
0.1005,1,0.75,20,0.005
0.08205,1,0.75,10,0.005
0.07039,1,0.75,5,0.005
0.303,1,0.75,80,0.01
0.2397,1,0.75,40,0.01
0.1915,1,0.75,20,0.01
0.1563,1,0.75,10,0.01
0.1339,1,0.75,5,0.01
0.5558,1,0.75,80,0.02
0.4414,1,0.75,40,0.02
0.3522,1,0.75,20,0.02
0.2847,1,0.75,10,0.02
0.2436,1,0.75,5,0.02
0.9665,1,0.75,80,0.04
0.7679,1,0.75,40,0.04
0.6101,1,0.75,20,0.04
0.4963,1,0.75,10,0.04
0.4253,1,0.75,5,0.04
1.562,1,0.75,80,0.08
1.248,1,0.75,40,0.08
0.9903,1,0.75,20,0.08
0.8075,1,0.75,10,0.08
0.6956,1,0.75,5,0.08
0.1502,1.25,0.75,80,0.005
0.1193,1.25,0.75,40,0.005
0.09824,1.25,0.75,20,0.005
0.08223,1.25,0.75,10,0.005
0.07147,1.25,0.75,5,0.005
0.2853,1.25,0.75,80,0.01
0.2273,1.25,0.75,40,0.01
0.1871,1.25,0.75,20,0.01
0.1562,1.25,0.75,10,0.01
0.1355,1.25,0.75,5,0.01
0.5223,1.25,0.75,80,0.02
0.4201,1.25,0.75,40,0.02
0.3435,1.25,0.75,20,0.02
0.2835,1.25,0.75,10,0.02
0.2451,1.25,0.75,5,0.02
0.9057,1.25,0.75,80,0.04
0.7329,1.25,0.75,40,0.04
0.596,1.25,0.75,20,0.04
0.492,1.25,0.75,10,0.04
0.4248,1.25,0.75,5,0.04
1.477,1.25,0.75,80,0.08
1.198,1.25,0.75,40,0.08
0.9684,1.25,0.75,20,0.08
0.7974,1.25,0.75,10,0.08
0.6892,1.25,0.75,5,0.08
0.1447,1.5,0.75,80,0.005
0.1171,1.5,0.75,40,0.005
0.09737,1.5,0.75,20,0.005
0.08317,1.5,0.75,10,0.005
0.07325,1.5,0.75,5,0.005
0.2746,1.5,0.75,80,0.01
0.2224,1.5,0.75,40,0.01
0.1851,1.5,0.75,20,0.01
0.1575,1.5,0.75,10,0.01
0.1384,1.5,0.75,5,0.01
0.5017,1.5,0.75,80,0.02
0.4054,1.5,0.75,40,0.02
0.3373,1.5,0.75,20,0.02
0.2845,1.5,0.75,10,0.02
0.2488,1.5,0.75,5,0.02
0.866,1.5,0.75,80,0.04
0.7078,1.5,0.75,40,0.04
0.5866,1.5,0.75,20,0.04
0.4917,1.5,0.75,10,0.04
0.4281,1.5,0.75,5,0.04
1.414,1.5,0.75,80,0.08
1.158,1.5,0.75,40,0.08
0.9524,1.5,0.75,20,0.08
0.793,1.5,0.75,10,0.08
0.6893,1.5,0.75,5,0.08
0.1393,2,0.75,80,0.005
0.1149,2,0.75,40,0.005
0.09755,2,0.75,20,0.005
0.0859,2,0.75,10,0.005
0.07719,2,0.75,5,0.005
0.2634,2,0.75,80,0.01
0.2171,2,0.75,40,0.01
0.1843,2,0.75,20,0.01
0.1615,2,0.75,10,0.01
0.1445,2,0.75,5,0.01
0.4789,2,0.75,80,0.02
0.3944,2,0.75,40,0.02
0.3351,2,0.75,20,0.02
0.2912,2,0.75,10,0.02
0.2592,2,0.75,5,0.02
0.8227,2,0.75,80,0.04
0.6778,2,0.75,40,0.04
0.5755,2,0.75,20,0.04
0.494,2,0.75,10,0.04
0.4363,2,0.75,5,0.04
1.325,2,0.75,80,0.08
1.107,2,0.75,40,0.08
0.9305,2,0.75,20,0.08
0.7896,2,0.75,10,0.08
0.6923,2,0.75,5,0.08
0.1389,2.5,0.75,80,0.005
0.1165,2.5,0.75,40,0.005
0.1,2.5,0.75,20,0.005
0.0897,2.5,0.75,10,0.005
0.08189,2.5,0.75,5,0.005
0.2602,2.5,0.75,80,0.01
0.218,2.5,0.75,40,0.01
0.1874,2.5,0.75,20,0.01
0.1673,2.5,0.75,10,0.01
0.152,2.5,0.75,5,0.01
0.4694,2.5,0.75,80,0.02
0.3927,2.5,0.75,40,0.02
0.3372,2.5,0.75,20,0.02
0.2987,2.5,0.75,10,0.02
0.2695,2.5,0.75,5,0.02
0.7998,2.5,0.75,80,0.04
0.6679,2.5,0.75,40,0.04
0.5734,2.5,0.75,20,0.04
0.5012,2.5,0.75,10,0.04
0.4482,2.5,0.75,5,0.04
1.282,2.5,0.75,80,0.08
1.074,2.5,0.75,40,0.08
0.9192,2.5,0.75,20,0.08
0.7931,2.5,0.75,10,0.08
0.7019,2.5,0.75,5,0.08
0.1401,3,0.75,80,0.005
0.1188,3,0.75,40,0.005
0.1037,3,0.75,20,0.005
0.09405,3,0.75,10,0.005
0.08691,3,0.75,5,0.005
0.2616,3,0.75,80,0.01
0.2216,3,0.75,40,0.01
0.193,3,0.75,20,0.01
0.1742,3,0.75,10,0.01
0.1601,3,0.75,5,0.01
0.4673,3,0.75,80,0.02
0.3956,3,0.75,40,0.02
0.3432,3,0.75,20,0.02
0.308,3,0.75,10,0.02
0.279,3,0.75,5,0.02
0.7897,3,0.75,80,0.04
0.6664,3,0.75,40,0.04
0.5762,3,0.75,20,0.04
0.5111,3,0.75,10,0.04
0.4611,3,0.75,5,0.04
1.255,3,0.75,80,0.08
1.058,3,0.75,40,0.08
0.9156,3,0.75,20,0.08
0.8003,3,0.75,10,0.08
0.7143,3,0.75,5,0.08
0.146,4,0.75,80,0.005
0.1268,4,0.75,40,0.005
0.1126,4,0.75,20,0.005
0.1036,4,0.75,10,0.005
0.09725,4,0.75,5,0.005
0.2691,4,0.75,80,0.01
0.2325,4,0.75,40,0.01
0.2056,4,0.75,20,0.01
0.188,4,0.75,10,0.01
0.1754,4,0.75,5,0.01
0.474,4,0.75,80,0.02
0.4073,4,0.75,40,0.02
0.359,4,0.75,20,0.02
0.3262,4,0.75,10,0.02
0.3019,4,0.75,5,0.02
0.7859,4,0.75,80,0.04
0.673,4,0.75,40,0.04
0.5894,4,0.75,20,0.04
0.531,4,0.75,10,0.04
0.4864,4,0.75,5,0.04
1.23,4,0.75,80,0.08
1.05,4,0.75,40,0.08
0.9169,4,0.75,20,0.08
0.8163,4,0.75,10,0.08
0.7383,4,0.75,5,0.08
0.1526,5,0.75,80,0.005
0.1348,5,0.75,40,0.005
0.1211,5,0.75,20,0.005
0.1122,5,0.75,10,0.005
0.1063,5,0.75,5,0.005
0.2789,5,0.75,80,0.01
0.2453,5,0.75,40,0.01
0.2194,5,0.75,20,0.01
0.2023,5,0.75,10,0.01
0.1906,5,0.75,5,0.01
0.4849,5,0.75,80,0.02
0.4236,5,0.75,40,0.02
0.3769,5,0.75,20,0.02
0.3454,5,0.75,10,0.02
0.3231,5,0.75,5,0.02
0.7937,5,0.75,80,0.04
0.687,5,0.75,40,0.04
0.608,5,0.75,20,0.04
0.5524,5,0.75,10,0.04
0.5107,5,0.75,5,0.04
1.222,5,0.75,80,0.08
1.054,5,0.75,40,0.08
0.9277,5,0.75,20,0.08
0.8358,5,0.75,10,0.08
0.7639,5,0.75,5,0.08
0.1602,6,0.75,80,0.005
0.1435,6,0.75,40,0.005
0.1305,6,0.75,20,0.005
0.1216,6,0.75,10,0.005
0.1161,6,0.75,5,0.005
0.2898,6,0.75,80,0.01
0.2582,6,0.75,40,0.01
0.2334,6,0.75,20,0.01
0.2164,6,0.75,10,0.01
0.2054,6,0.75,5,0.01
0.4964,6,0.75,80,0.02
0.439,6,0.75,40,0.02
0.3936,6,0.75,20,0.02
0.3624,6,0.75,10,0.02
0.3409,6,0.75,5,0.02
0.8041,6,0.75,80,0.04
0.7045,6,0.75,40,0.04
0.6276,6,0.75,20,0.04
0.5719,6,0.75,10,0.04
0.5325,6,0.75,5,0.04
1.226,6,0.75,80,0.08
1.064,6,0.75,40,0.08
0.9438,6,0.75,20,0.08
0.8534,6,0.75,10,0.08
0.7857,6,0.75,5,0.08
0.1758,8,0.75,80,0.005
0.1602,8,0.75,40,0.005
0.1482,8,0.75,20,0.005
0.1392,8,0.75,10,0.005
0.134,8,0.75,5,0.005
0.3116,8,0.75,80,0.01
0.2826,8,0.75,40,0.01
0.2598,8,0.75,20,0.01
0.2428,8,0.75,10,0.01
0.2321,8,0.75,5,0.01
0.5219,8,0.75,80,0.02
0.4696,8,0.75,40,0.02
0.4277,8,0.75,20,0.02
0.3968,8,0.75,10,0.02
0.3769,8,0.75,5,0.02
0.8267,8,0.75,80,0.04
0.7368,8,0.75,40,0.04
0.6627,8,0.75,20,0.04
0.6108,8,0.75,10,0.04
0.5743,8,0.75,5,0.04
1.238,8,0.75,80,0.08
1.091,8,0.75,40,0.08
0.9761,8,0.75,20,0.08
0.891,8,0.75,10,0.08
0.8292,8,0.75,5,0.08
0.1909,10,0.75,80,0.005
0.176,10,0.75,40,0.005
0.1645,10,0.75,20,0.005
0.1555,10,0.75,10,0.005
0.1509,10,0.75,5,0.005
0.3325,10,0.75,80,0.01
0.3051,10,0.75,40,0.01
0.2834,10,0.75,20,0.01
0.2664,10,0.75,10,0.01
0.2562,10,0.75,5,0.01
0.5471,10,0.75,80,0.02
0.4982,10,0.75,40,0.02
0.459,10,0.75,20,0.02
0.4284,10,0.75,10,0.02
0.4093,10,0.75,5,0.02
0.8491,10,0.75,80,0.04
0.7657,10,0.75,40,0.04
0.6979,10,0.75,20,0.04
0.6467,10,0.75,10,0.04
0.6122,10,0.75,5,0.04
1.252,10,0.75,80,0.08
1.116,10,0.75,40,0.08
1.006,10,0.75,20,0.08
0.9258,10,0.75,10,0.08
0.8682,10,0.75,5,0.08
0.2059,12,0.75,80,0.005
0.1916,12,0.75,40,0.005
0.1806,12,0.75,20,0.005
0.1717,12,0.75,10,0.005
0.1665,12,0.75,5,0.005
0.3532,12,0.75,80,0.01
0.3269,12,0.75,40,0.01
0.3062,12,0.75,20,0.01
0.2894,12,0.75,10,0.01
0.2793,12,0.75,5,0.01
0.5703,12,0.75,80,0.02
0.524,12,0.75,40,0.02
0.4864,12,0.75,20,0.02
0.4564,12,0.75,10,0.02
0.4372,12,0.75,5,0.02
0.8712,12,0.75,80,0.04
0.7924,12,0.75,40,0.04
0.7282,12,0.75,20,0.04
0.6774,12,0.75,10,0.04
0.6461,12,0.75,5,0.04
1.269,12,0.75,80,0.08
1.142,12,0.75,40,0.08
1.037,12,0.75,20,0.08
0.9588,12,0.75,10,0.08
0.9041,12,0.75,5,0.08
0.2335,16,0.75,80,0.005
0.2199,16,0.75,40,0.005
0.2094,16,0.75,20,0.005
0.2006,16,0.75,10,0.005
0.1953,16,0.75,5,0.005
0.3899,16,0.75,80,0.01
0.3653,16,0.75,40,0.01
0.3458,16,0.75,20,0.01
0.3293,16,0.75,10,0.01
0.319,16,0.75,5,0.01
0.6127,16,0.75,80,0.02
0.5705,16,0.75,40,0.02
0.5359,16,0.75,20,0.02
0.5065,16,0.75,10,0.02
0.4881,16,0.75,5,0.02
0.9133,16,0.75,80,0.04
0.8415,16,0.75,40,0.04
0.7826,16,0.75,20,0.04
0.7334,16,0.75,10,0.04
0.7023,16,0.75,5,0.04
1.301,16,0.75,80,0.08
1.185,16,0.75,40,0.08
1.09,16,0.75,20,0.08
1.013,16,0.75,10,0.08
0.9625,16,0.75,5,0.08
0.1942,0.5,1,80,0.005
0.1484,0.5,1,40,0.005
0.1133,0.5,1,20,0.005
0.08914,0.5,1,10,0.005
0.07517,0.5,1,5,0.005
0.368,0.5,1,80,0.01
0.2816,0.5,1,40,0.01
0.2155,0.5,1,20,0.01
0.1703,0.5,1,10,0.01
0.1439,0.5,1,5,0.01
0.6736,0.5,1,80,0.02
0.5134,0.5,1,40,0.02
0.395,0.5,1,20,0.02
0.3146,0.5,1,10,0.02
0.2645,0.5,1,5,0.02
1.15,0.5,1,80,0.04
0.8829,0.5,1,40,0.04
0.6814,0.5,1,20,0.04
0.5484,0.5,1,10,0.04
0.4696,0.5,1,5,0.04
1.798,0.5,1,80,0.08
1.393,0.5,1,40,0.08
1.095,0.5,1,20,0.08
0.9016,0.5,1,10,0.08
0.7747,0.5,1,5,0.08
0.1628,0.75,1,80,0.005
0.1311,0.75,1,40,0.005
0.1062,0.75,1,20,0.005
0.08734,0.75,1,10,0.005
0.0752,0.75,1,5,0.005
0.311,0.75,1,80,0.01
0.2488,0.75,1,40,0.01
0.201,0.75,1,20,0.01
0.1646,0.75,1,10,0.01
0.1413,0.75,1,5,0.01
0.5735,0.75,1,80,0.02
0.4584,0.75,1,40,0.02
0.3686,0.75,1,20,0.02
0.3016,0.75,1,10,0.02
0.2591,0.75,1,5,0.02
1.003,0.75,1,80,0.04
0.799,0.75,1,40,0.04
0.6387,0.75,1,20,0.04
0.5202,0.75,1,10,0.04
0.4474,0.75,1,5,0.04
1.621,0.75,1,80,0.08
1.298,0.75,1,40,0.08
1.033,0.75,1,20,0.08
0.8488,0.75,1,10,0.08
0.7337,0.75,1,5,0.08
0.1497,1,1,80,0.005
0.1226,1,1,40,0.005
0.1027,1,1,20,0.005
0.08749,1,1,10,0.005
0.0768,1,1,5,0.005
0.2847,1,1,80,0.01
0.2335,1,1,40,0.01
0.195,1,1,20,0.01
0.1655,1,1,10,0.01
0.1448,1,1,5,0.01
0.5213,1,1,80,0.02
0.4282,1,1,40,0.02
0.3571,1,1,20,0.02
0.2985,1,1,10,0.02
0.2601,1,1,5,0.02
0.9127,1,1,80,0.04
0.7456,1,1,40,0.04
0.6169,1,1,20,0.04
0.5152,1,1,10,0.04
0.4438,1,1,5,0.04
1.495,1,1,80,0.08
1.222,1,1,40,0.08
0.9993,1,1,20,0.08
0.8308,1,1,10,0.08
0.7156,1,1,5,0.08
0.1445,1.25,1,80,0.005
0.1196,1.25,1,40,0.005
0.1028,1.25,1,20,0.005
0.09008,1.25,1,10,0.005
0.08061,1.25,1,5,0.005
0.2726,1.25,1,80,0.01
0.2253,1.25,1,40,0.01
0.1931,1.25,1,20,0.01
0.1679,1.25,1,10,0.01
0.1493,1.25,1,5,0.01
0.4968,1.25,1,80,0.02
0.4111,1.25,1,40,0.02
0.3513,1.25,1,20,0.02
0.3028,1.25,1,10,0.02
0.2678,1.25,1,5,0.02
0.8583,1.25,1,80,0.04
0.7148,1.25,1,40,0.04
0.6037,1.25,1,20,0.04
0.5145,1.25,1,10,0.04
0.4517,1.25,1,5,0.04
1.411,1.25,1,80,0.08
1.172,1.25,1,40,0.08
0.9767,1.25,1,20,0.08
0.8234,1.25,1,10,0.08
0.7143,1.25,1,5,0.08
0.1426,1.5,1,80,0.005
0.1197,1.5,1,40,0.005
0.104,1.5,1,20,0.005
0.09287,1.5,1,10,0.005
0.08427,1.5,1,5,0.005
0.2676,1.5,1,80,0.01
0.2241,1.5,1,40,0.01
0.1942,1.5,1,20,0.01
0.1721,1.5,1,10,0.01
0.1551,1.5,1,5,0.01
0.4844,1.5,1,80,0.02
0.4052,1.5,1,40,0.02
0.3506,1.5,1,20,0.02
0.3077,1.5,1,10,0.02
0.2753,1.5,1,5,0.02
0.8303,1.5,1,80,0.04
0.6996,1.5,1,40,0.04
0.5982,1.5,1,20,0.04
0.5182,1.5,1,10,0.04
0.4597,1.5,1,5,0.04
1.352,1.5,1,80,0.08
1.133,1.5,1,40,0.08
0.9629,1.5,1,20,0.08
0.8224,1.5,1,10,0.08
0.719,1.5,1,5,0.08
0.1442,2,1,80,0.005
0.1233,2,1,40,0.005
0.1086,2,1,20,0.005
0.09918,2,1,10,0.005
0.09173,2,1,5,0.005
0.2685,2,1,80,0.01
0.2292,2,1,40,0.01
0.2013,2,1,20,0.01
0.183,2,1,10,0.01
0.1683,2,1,5,0.01
0.4766,2,1,80,0.02
0.4061,2,1,40,0.02
0.3558,2,1,20,0.02
0.3199,2,1,10,0.02
0.2916,2,1,5,0.02
0.8056,2,1,80,0.04
0.6849,2,1,40,0.04
0.5994,2,1,20,0.04
0.529,2,1,10,0.04
0.4766,2,1,5,0.04
1.282,2,1,80,0.08
1.092,2,1,40,0.08
0.9501,2,1,20,0.08
0.8261,2,1,10,0.08
0.7365,2,1,5,0.08
0.149,2.5,1,80,0.005
0.1296,2.5,1,40,0.005
0.1154,2.5,1,20,0.005
0.1066,2.5,1,10,0.005
0.09987,2.5,1,5,0.005
0.2747,2.5,1,80,0.01
0.2381,2.5,1,40,0.01
0.2114,2.5,1,20,0.01
0.1943,2.5,1,10,0.01
0.181,2.5,1,5,0.01
0.4818,2.5,1,80,0.02
0.415,2.5,1,40,0.02
0.367,2.5,1,20,0.02
0.3347,2.5,1,10,0.02
0.3089,2.5,1,5,0.02
0.7995,2.5,1,80,0.04
0.6877,2.5,1,40,0.04
0.6071,2.5,1,20,0.04
0.5442,2.5,1,10,0.04
0.4963,2.5,1,5,0.04
1.254,2.5,1,80,0.08
1.075,2.5,1,40,0.08
0.9476,2.5,1,20,0.08
0.8375,2.5,1,10,0.08
0.7547,2.5,1,5,0.08
0.1548,3,1,80,0.005
0.1368,3,1,40,0.005
0.123,3,1,20,0.005
0.1144,3,1,10,0.005
0.1082,3,1,5,0.005
0.2829,3,1,80,0.01
0.2487,3,1,40,0.01
0.2228,3,1,20,0.01
0.2063,3,1,10,0.01
0.194,3,1,5,0.01
0.4905,3,1,80,0.02
0.4279,3,1,40,0.02
0.3813,3,1,20,0.02
0.3505,3,1,10,0.02
0.3266,3,1,5,0.02
0.8032,3,1,80,0.04
0.6951,3,1,40,0.04
0.6165,3,1,20,0.04
0.5613,3,1,10,0.04
0.5168,3,1,5,0.04
1.242,3,1,80,0.08
1.074,3,1,40,0.08
0.9492,3,1,20,0.08
0.8514,3,1,10,0.08
0.7747,3,1,5,0.08
0.1675,4,1,80,0.005
0.151,4,1,40,0.005
0.1383,4,1,20,0.005
0.1296,4,1,10,0.005
0.1238,4,1,5,0.005
0.3006,4,1,80,0.01
0.2697,4,1,40,0.01
0.2453,4,1,20,0.01
0.2289,4,1,10,0.01
0.2177,4,1,5,0.01
0.5103,4,1,80,0.02
0.4542,4,1,40,0.02
0.4097,4,1,20,0.02
0.3798,4,1,10,0.02
0.3579,4,1,5,0.02
0.8184,4,1,80,0.04
0.7227,4,1,40,0.04
0.6456,4,1,20,0.04
0.5938,4,1,10,0.04
0.5535,4,1,5,0.04
1.243,4,1,80,0.08
1.085,4,1,40,0.08
0.9663,4,1,20,0.08
0.8801,4,1,10,0.08
0.8107,4,1,5,0.08
0.1808,5,1,80,0.005
0.1653,5,1,40,0.005
0.1533,5,1,20,0.005
0.1445,5,1,10,0.005
0.1391,5,1,5,0.005
0.3183,5,1,80,0.01
0.2893,5,1,40,0.01
0.2665,5,1,20,0.01
0.2499,5,1,10,0.01
0.2391,5,1,5,0.01
0.5317,5,1,80,0.02
0.4795,5,1,40,0.02
0.4377,5,1,20,0.02
0.408,5,1,10,0.02
0.3871,5,1,5,0.02
0.8372,5,1,80,0.04
0.7475,5,1,40,0.04
0.6756,5,1,20,0.04
0.6252,5,1,10,0.04
0.5876,5,1,5,0.04
1.25,5,1,80,0.08
1.103,5,1,40,0.08
0.9902,5,1,20,0.08
0.9099,5,1,10,0.08
0.8459,5,1,5,0.08
0.1935,6,1,80,0.005
0.1786,6,1,40,0.005
0.167,6,1,20,0.005
0.1582,6,1,10,0.005
0.1529,6,1,5,0.005
0.3366,6,1,80,0.01
0.3089,6,1,40,0.01
0.2871,6,1,20,0.01
0.2705,6,1,10,0.01
0.26,6,1,5,0.01
0.5518,6,1,80,0.02
0.5025,6,1,40,0.02
0.4629,6,1,20,0.02
0.4331,6,1,10,0.02
0.4133,6,1,5,0.02
0.8568,6,1,80,0.04
0.7728,6,1,40,0.04
0.7044,6,1,20,0.04
0.6553,6,1,10,0.04
0.6198,6,1,5,0.04
1.263,6,1,80,0.08
1.126,6,1,40,0.08
1.016,6,1,20,0.08
0.9384,6,1,10,0.08
0.8781,6,1,5,0.08
0.2184,8,1,80,0.005
0.2043,8,1,40,0.005
0.1935,8,1,20,0.005
0.1847,8,1,10,0.005
0.1795,8,1,5,0.005
0.3695,8,1,80,0.01
0.3438,8,1,40,0.01
0.3233,8,1,20,0.01
0.3066,8,1,10,0.01
0.2976,8,1,5,0.01
0.5907,8,1,80,0.02
0.5454,8,1,40,0.02
0.5089,8,1,20,0.02
0.4795,8,1,10,0.02
0.4607,8,1,5,0.02
0.8926,8,1,80,0.04
0.8161,8,1,40,0.04
0.7533,8,1,20,0.04
0.7048,8,1,10,0.04
0.6714,8,1,5,0.04
1.289,8,1,80,0.08
1.166,8,1,40,0.08
1.061,8,1,20,0.08
0.9866,8,1,10,0.08
0.9344,8,1,5,0.08
0.2413,10,1,80,0.005
0.2278,10,1,40,0.005
0.2172,10,1,20,0.005
0.2084,10,1,10,0.005
0.2032,10,1,5,0.005
0.4003,10,1,80,0.01
0.3758,10,1,40,0.01
0.3564,10,1,20,0.01
0.34,10,1,10,0.01
0.33,10,1,5,0.01
0.6251,10,1,80,0.02
0.5825,10,1,40,0.02
0.548,10,1,20,0.02
0.5189,10,1,10,0.02
0.5021,10,1,5,0.02
0.9272,10,1,80,0.04
0.8561,10,1,40,0.04
0.7978,10,1,20,0.04
0.75,10,1,10,0.04
0.7184,10,1,5,0.04
1.315,10,1,80,0.08
1.2,10,1,40,0.08
1.105,10,1,20,0.08
1.032,10,1,10,0.08
0.9806,10,1,5,0.08
0.2626,12,1,80,0.005
0.2495,12,1,40,0.005
0.2392,12,1,20,0.005
0.2306,12,1,10,0.005
0.2254,12,1,5,0.005
0.4279,12,1,80,0.01
0.4044,12,1,40,0.01
0.3858,12,1,20,0.01
0.37,12,1,10,0.01
0.3596,12,1,5,0.01
0.6572,12,1,80,0.02
0.6168,12,1,40,0.02
0.5841,12,1,20,0.02
0.5559,12,1,10,0.02
0.5375,12,1,5,0.02
0.9576,12,1,80,0.04
0.8904,12,1,40,0.04
0.8351,12,1,20,0.04
0.7886,12,1,10,0.04
0.7577,12,1,5,0.04
1.339,12,1,80,0.08
1.232,12,1,40,0.08
1.142,12,1,20,0.08
1.07,12,1,10,0.08
1.023,12,1,5,0.08
0.3018,16,1,80,0.005
0.2893,16,1,40,0.005
0.2795,16,1,20,0.005
0.2711,16,1,10,0.005
0.2657,16,1,5,0.005
0.4768,16,1,80,0.01
0.4547,16,1,40,0.01
0.4371,16,1,20,0.01
0.4214,16,1,10,0.01
0.412,16,1,5,0.01
0.7118,16,1,80,0.02
0.6743,16,1,40,0.02
0.6438,16,1,20,0.02
0.6165,16,1,10,0.02
0.5986,16,1,5,0.02
1.011,16,1,80,0.04
0.95,16,1,40,0.04
0.8991,16,1,20,0.04
0.8543,16,1,10,0.04
0.8266,16,1,5,0.04
1.386,16,1,80,0.08
1.288,16,1,40,0.08
1.207,16,1,20,0.08
1.138,16,1,10,0.08
1.092,16,1,5,0.08
0.1859,0.5,1.25,80,0.005
0.1468,0.5,1.25,40,0.005
0.1167,0.5,1.25,20,0.005
0.09362,0.5,1.25,10,0.005
0.07993,0.5,1.25,5,0.005
0.3541,0.5,1.25,80,0.01
0.2787,0.5,1.25,40,0.01
0.2206,0.5,1.25,20,0.01
0.1784,0.5,1.25,10,0.01
0.1528,0.5,1.25,5,0.01
0.6507,0.5,1.25,80,0.02
0.5133,0.5,1.25,40,0.02
0.405,0.5,1.25,20,0.02
0.3287,0.5,1.25,10,0.02
0.2792,0.5,1.25,5,0.02
1.122,0.5,1.25,80,0.04
0.8847,0.5,1.25,40,0.04
0.6984,0.5,1.25,20,0.04
0.5707,0.5,1.25,10,0.04
0.4884,0.5,1.25,5,0.04
1.784,0.5,1.25,80,0.08
1.41,0.5,1.25,40,0.08
1.12,0.5,1.25,20,0.08
0.9281,0.5,1.25,10,0.08
0.8097,0.5,1.25,5,0.08
0.1564,0.75,1.25,80,0.005
0.13,0.75,1.25,40,0.005
0.1086,0.75,1.25,20,0.005
0.0922,0.75,1.25,10,0.005
0.08077,0.75,1.25,5,0.005
0.2988,0.75,1.25,80,0.01
0.2474,0.75,1.25,40,0.01
0.2062,0.75,1.25,20,0.01
0.1742,0.75,1.25,10,0.01
0.1522,0.75,1.25,5,0.01
0.5528,0.75,1.25,80,0.02
0.4536,0.75,1.25,40,0.02
0.3747,0.75,1.25,20,0.02
0.3136,0.75,1.25,10,0.02
0.2728,0.75,1.25,5,0.02
0.9687,0.75,1.25,80,0.04
0.7904,0.75,1.25,40,0.04
0.6506,0.75,1.25,20,0.04
0.5384,0.75,1.25,10,0.04
0.4672,0.75,1.25,5,0.04
1.58,0.75,1.25,80,0.08
1.29,0.75,1.25,40,0.08
1.051,0.75,1.25,20,0.08
0.8755,0.75,1.25,10,0.08
0.7632,0.75,1.25,5,0.08
0.1481,1,1.25,80,0.005
0.124,1,1.25,40,0.005
0.1079,1,1.25,20,0.005
0.09499,1,1.25,10,0.005
0.08521,1,1.25,5,0.005
0.2798,1,1.25,80,0.01
0.2348,1,1.25,40,0.01
0.2033,1,1.25,20,0.01
0.1779,1,1.25,10,0.01
0.1589,1,1.25,5,0.01
0.5075,1,1.25,80,0.02
0.4268,1,1.25,40,0.02
0.3662,1,1.25,20,0.02
0.3169,1,1.25,10,0.02
0.281,1,1.25,5,0.02
0.8869,1,1.25,80,0.04
0.7437,1,1.25,40,0.04
0.6276,1,1.25,20,0.04
0.5357,1,1.25,10,0.04
0.4713,1,1.25,5,0.04
1.456,1,1.25,80,0.08
1.213,1,1.25,40,0.08
1.012,1,1.25,20,0.08
0.8548,1,1.25,10,0.08
0.7427,1,1.25,5,0.08
0.1471,1.25,1.25,80,0.005
0.1252,1.25,1.25,40,0.005
0.1106,1.25,1.25,20,0.005
0.09995,1.25,1.25,10,0.005
0.09049,1.25,1.25,5,0.005
0.2743,1.25,1.25,80,0.01
0.2331,1.25,1.25,40,0.01
0.205,1.25,1.25,20,0.01
0.1836,1.25,1.25,10,0.01
0.1666,1.25,1.25,5,0.01
0.4936,1.25,1.25,80,0.02
0.4186,1.25,1.25,40,0.02
0.3675,1.25,1.25,20,0.02
0.3233,1.25,1.25,10,0.02
0.2909,1.25,1.25,5,0.02
0.8418,1.25,1.25,80,0.04
0.7169,1.25,1.25,40,0.04
0.6219,1.25,1.25,20,0.04
0.5394,1.25,1.25,10,0.04
0.4807,1.25,1.25,5,0.04
1.374,1.25,1.25,80,0.08
1.165,1.25,1.25,40,0.08
0.9953,1.25,1.25,20,0.08
0.8505,1.25,1.25,10,0.08
0.7513,1.25,1.25,5,0.08
0.1492,1.5,1.25,80,0.005
0.1285,1.5,1.25,40,0.005
0.1144,1.5,1.25,20,0.005
0.1049,1.5,1.25,10,0.005
0.09726,1.5,1.25,5,0.005
0.2757,1.5,1.25,80,0.01
0.2368,1.5,1.25,40,0.01
0.2101,1.5,1.25,20,0.01
0.1911,1.5,1.25,10,0.01
0.1757,1.5,1.25,5,0.01
0.4896,1.5,1.25,80,0.02
0.4199,1.5,1.25,40,0.02
0.372,1.5,1.25,20,0.02
0.3326,1.5,1.25,10,0.02
0.3029,1.5,1.25,5,0.02
0.8241,1.5,1.25,80,0.04
0.7051,1.5,1.25,40,0.04
0.6211,1.5,1.25,20,0.04
0.5512,1.5,1.25,10,0.04
0.4938,1.5,1.25,5,0.04
1.323,1.5,1.25,80,0.08
1.132,1.5,1.25,40,0.08
0.9835,1.5,1.25,20,0.08
0.8536,1.5,1.25,10,0.08
0.7606,1.5,1.25,5,0.08
0.1564,2,1.25,80,0.005
0.1378,2,1.25,40,0.005
0.1239,2,1.25,20,0.005
0.1154,2,1.25,10,0.005
0.1086,2,1.25,5,0.005
0.2861,2,1.25,80,0.01
0.2508,2,1.25,40,0.01
0.2249,2,1.25,20,0.01
0.2084,2,1.25,10,0.01
0.1951,2,1.25,5,0.01
0.4968,2,1.25,80,0.02
0.4322,2,1.25,40,0.02
0.3864,2,1.25,20,0.02
0.3545,2,1.25,10,0.02
0.3284,2,1.25,5,0.02
0.8154,2,1.25,80,0.04
0.7065,2,1.25,40,0.04
0.6302,2,1.25,20,0.04
0.5705,2,1.25,10,0.04
0.5224,2,1.25,5,0.04
1.271,2,1.25,80,0.08
1.101,2,1.25,40,0.08
0.9761,2,1.25,20,0.08
0.8695,2,1.25,10,0.08
0.7862,2,1.25,5,0.08
0.1656,2.5,1.25,80,0.005
0.1484,2.5,1.25,40,0.005
0.1351,2.5,1.25,20,0.005
0.1267,2.5,1.25,10,0.005
0.1205,2.5,1.25,5,0.005
0.2988,2.5,1.25,80,0.01
0.2663,2.5,1.25,40,0.01
0.2412,2.5,1.25,20,0.01
0.2253,2.5,1.25,10,0.01
0.213,2.5,1.25,5,0.01
0.5102,2.5,1.25,80,0.02
0.4509,2.5,1.25,40,0.02
0.4057,2.5,1.25,20,0.02
0.376,2.5,1.25,10,0.02
0.3521,2.5,1.25,5,0.02
0.8239,2.5,1.25,80,0.04
0.7207,2.5,1.25,40,0.04
0.6469,2.5,1.25,20,0.04
0.5932,2.5,1.25,10,0.04
0.5492,2.5,1.25,5,0.04
1.257,2.5,1.25,80,0.08
1.097,2.5,1.25,40,0.08
0.9825,2.5,1.25,20,0.08
0.8875,2.5,1.25,10,0.08
0.811,2.5,1.25,5,0.08
0.1754,3,1.25,80,0.005
0.1591,3,1.25,40,0.005
0.1464,3,1.25,20,0.005
0.1379,3,1.25,10,0.005
0.1321,3,1.25,5,0.005
0.3113,3,1.25,80,0.01
0.2807,3,1.25,40,0.01
0.2565,3,1.25,20,0.01
0.2405,3,1.25,10,0.01
0.2287,3,1.25,5,0.01
0.5254,3,1.25,80,0.02
0.4702,3,1.25,40,0.02
0.4266,3,1.25,20,0.02
0.3977,3,1.25,10,0.02
0.3752,3,1.25,5,0.02
0.836,3,1.25,80,0.04
0.7402,3,1.25,40,0.04
0.6667,3,1.25,20,0.04
0.6166,3,1.25,10,0.04
0.5755,3,1.25,5,0.04
1.26,3,1.25,80,0.08
1.105,3,1.25,40,0.08
0.9951,3,1.25,20,0.08
0.9081,3,1.25,10,0.08
0.8373,3,1.25,5,0.08
0.1948,4,1.25,80,0.005
0.1796,4,1.25,40,0.005
0.1679,4,1.25,20,0.005
0.1592,4,1.25,10,0.005
0.1537,4,1.25,5,0.005
0.3379,4,1.25,80,0.01
0.3098,4,1.25,40,0.01
0.2875,4,1.25,20,0.01
0.2713,4,1.25,10,0.01
0.2604,4,1.25,5,0.01
0.5557,4,1.25,80,0.02
0.5055,4,1.25,40,0.02
0.4652,4,1.25,20,0.02
0.4364,4,1.25,10,0.02
0.4158,4,1.25,5,0.02
0.8623,4,1.25,80,0.04
0.7764,4,1.25,40,0.04
0.707,4,1.25,20,0.04
0.6589,4,1.25,10,0.04
0.6219,4,1.25,5,0.04
1.273,4,1.25,80,0.08
1.133,4,1.25,40,0.08
1.024,4,1.25,20,0.08
0.9465,4,1.25,10,0.08
0.8827,4,1.25,5,0.08
0.2131,5,1.25,80,0.005
0.1986,5,1.25,40,0.005
0.1875,5,1.25,20,0.005
0.1788,5,1.25,10,0.005
0.1733,5,1.25,5,0.005
0.3635,5,1.25,80,0.01
0.337,5,1.25,40,0.01
0.3161,5,1.25,20,0.01
0.2999,5,1.25,10,0.01
0.2893,5,1.25,5,0.01
0.5838,5,1.25,80,0.02
0.5369,5,1.25,40,0.02
0.4991,5,1.25,20,0.02
0.4703,5,1.25,10,0.02
0.4506,5,1.25,5,0.02
0.8897,5,1.25,80,0.04
0.8102,5,1.25,40,0.04
0.743,5,1.25,20,0.04
0.6956,5,1.25,10,0.04
0.6629,5,1.25,5,0.04
1.291,5,1.25,80,0.08
1.162,5,1.25,40,0.08
1.058,5,1.25,20,0.08
0.9809,5,1.25,10,0.08
0.9217,5,1.25,5,0.08
0.2306,6,1.25,80,0.005
0.2166,6,1.25,40,0.005
0.2058,6,1.25,20,0.005
0.197,6,1.25,10,0.005
0.1925,6,1.25,5,0.005
0.3867,6,1.25,80,0.01
0.3613,6,1.25,40,0.01
0.3412,6,1.25,20,0.01
0.3249,6,1.25,10,0.01
0.3143,6,1.25,5,0.01
0.6113,6,1.25,80,0.02
0.567,6,1.25,40,0.02
0.5311,6,1.25,20,0.02
0.5026,6,1.25,10,0.02
0.4835,6,1.25,5,0.02
0.9145,6,1.25,80,0.04
0.8397,6,1.25,40,0.04
0.7784,6,1.25,20,0.04
0.7315,6,1.25,10,0.04
0.6982,6,1.25,5,0.04
1.309,6,1.25,80,0.08
1.188,6,1.25,40,0.08
1.088,6,1.25,20,0.08
1.017,6,1.25,10,0.08
0.9604,6,1.25,5,0.08
0.2637,8,1.25,80,0.005
0.2505,8,1.25,40,0.005
0.2403,8,1.25,20,0.005
0.2317,8,1.25,10,0.005
0.2263,8,1.25,5,0.005
0.4289,8,1.25,80,0.01
0.4059,8,1.25,40,0.01
0.3872,8,1.25,20,0.01
0.3713,8,1.25,10,0.01
0.3612,8,1.25,5,0.01
0.6588,8,1.25,80,0.02
0.6178,8,1.25,40,0.02
0.5847,8,1.25,20,0.02
0.5569,8,1.25,10,0.02
0.538,8,1.25,5,0.02
0.9602,8,1.25,80,0.04
0.8921,8,1.25,40,0.04
0.8362,8,1.25,20,0.04
0.7902,8,1.25,10,0.04
0.7612,8,1.25,5,0.04
1.346,8,1.25,80,0.08
1.237,8,1.25,40,0.08
1.146,8,1.25,20,0.08
1.076,8,1.25,10,0.08
1.025,8,1.25,5,0.08
0.2931,10,1.25,80,0.005
0.2804,10,1.25,40,0.005
0.2704,10,1.25,20,0.005
0.2619,10,1.25,10,0.005
0.2567,10,1.25,5,0.005
0.4667,10,1.25,80,0.01
0.4442,10,1.25,40,0.01
0.4263,10,1.25,20,0.01
0.4107,10,1.25,10,0.01
0.4005,10,1.25,5,0.01
0.7002,10,1.25,80,0.02
0.6617,10,1.25,40,0.02
0.6304,10,1.25,20,0.02
0.6031,10,1.25,10,0.02
0.5869,10,1.25,5,0.02
1.002,10,1.25,80,0.04
0.939,10,1.25,40,0.04
0.887,10,1.25,20,0.04
0.8427,10,1.25,10,0.04
0.813,10,1.25,5,0.04
1.379,10,1.25,80,0.08
1.278,10,1.25,40,0.08
1.194,10,1.25,20,0.08
1.126,10,1.25,10,0.08
1.078,10,1.25,5,0.08
0.3199,12,1.25,80,0.005
0.3076,12,1.25,40,0.005
0.2979,12,1.25,20,0.005
0.2896,12,1.25,10,0.005
0.2844,12,1.25,5,0.005
0.5001,12,1.25,80,0.01
0.4784,12,1.25,40,0.01
0.4611,12,1.25,20,0.01
0.4458,12,1.25,10,0.01
0.4357,12,1.25,5,0.01
0.7371,12,1.25,80,0.02
0.7005,12,1.25,40,0.02
0.6707,12,1.25,20,0.02
0.6458,12,1.25,10,0.02
0.6281,12,1.25,5,0.02
1.039,12,1.25,80,0.04
0.9786,12,1.25,40,0.04
0.9294,12,1.25,20,0.04
0.8867,12,1.25,10,0.04
0.8572,12,1.25,5,0.04
1.41,12,1.25,80,0.08
1.315,12,1.25,40,0.08
1.236,12,1.25,20,0.08
1.17,12,1.25,10,0.08
1.127,12,1.25,5,0.08
0.3675,16,1.25,80,0.005
0.3557,16,1.25,40,0.005
0.3466,16,1.25,20,0.005
0.3392,16,1.25,10,0.005
0.3339,16,1.25,5,0.005
0.5576,16,1.25,80,0.01
0.5373,16,1.25,40,0.01
0.5211,16,1.25,20,0.01
0.5066,16,1.25,10,0.01
0.497,16,1.25,5,0.01
0.8011,16,1.25,80,0.02
0.7673,16,1.25,40,0.02
0.7402,16,1.25,20,0.02
0.7153,16,1.25,10,0.02
0.6979,16,1.25,5,0.02
1.101,16,1.25,80,0.04
1.046,16,1.25,40,0.04
1.001,16,1.25,20,0.04
0.9602,16,1.25,10,0.04
0.9354,16,1.25,5,0.04
1.466,16,1.25,80,0.08
1.38,16,1.25,40,0.08
1.309,16,1.25,20,0.08
1.247,16,1.25,10,0.08
1.204,16,1.25,5,0.08
0.181,0.5,1.5,80,0.005
0.1467,0.5,1.5,40,0.005
0.1205,0.5,1.5,20,0.005
0.09916,0.5,1.5,10,0.005
0.08609,0.5,1.5,5,0.005
0.345,0.5,1.5,80,0.01
0.2787,0.5,1.5,40,0.01
0.2272,0.5,1.5,20,0.01
0.1884,0.5,1.5,10,0.01
0.1636,0.5,1.5,5,0.01
0.6397,0.5,1.5,80,0.02
0.5135,0.5,1.5,40,0.02
0.4141,0.5,1.5,20,0.02
0.3421,0.5,1.5,10,0.02
0.2974,0.5,1.5,5,0.02
1.111,0.5,1.5,80,0.04
0.8902,0.5,1.5,40,0.04
0.7144,0.5,1.5,20,0.04
0.592,0.5,1.5,10,0.04
0.5168,0.5,1.5,5,0.04
1.776,0.5,1.5,80,0.08
1.424,0.5,1.5,40,0.08
1.152,0.5,1.5,20,0.08
0.9603,0.5,1.5,10,0.08
0.8435,0.5,1.5,5,0.08
0.1558,0.75,1.5,80,0.005
0.1315,0.75,1.5,40,0.005
0.1138,0.75,1.5,20,0.005
0.09935,0.75,1.5,10,0.005
0.08865,0.75,1.5,5,0.005
0.2948,0.75,1.5,80,0.01
0.2486,0.75,1.5,40,0.01
0.2131,0.75,1.5,20,0.01
0.1844,0.75,1.5,10,0.01
0.1635,0.75,1.5,5,0.01
0.5432,0.75,1.5,80,0.02
0.4555,0.75,1.5,40,0.02
0.387,0.75,1.5,20,0.02
0.329,0.75,1.5,10,0.02
0.2901,0.75,1.5,5,0.02
0.9537,0.75,1.5,80,0.04
0.7908,0.75,1.5,40,0.04
0.6656,0.75,1.5,20,0.04
0.5617,0.75,1.5,10,0.04
0.4933,0.75,1.5,5,0.04
1.564,0.75,1.5,80,0.08
1.293,0.75,1.5,40,0.08
1.074,0.75,1.5,20,0.08
0.9015,0.75,1.5,10,0.08
0.7913,0.75,1.5,5,0.08
0.152,1,1.5,80,0.005
0.1301,1,1.5,40,0.005
0.1159,1,1.5,20,0.005
0.1046,1,1.5,10,0.005
0.09562,1,1.5,5,0.005
0.2831,1,1.5,80,0.01
0.2421,1,1.5,40,0.01
0.2143,1,1.5,20,0.01
0.1918,1,1.5,10,0.01
0.1741,1,1.5,5,0.01
0.5093,1,1.5,80,0.02
0.4367,1,1.5,40,0.02
0.3832,1,1.5,20,0.02
0.3363,1,1.5,10,0.02
0.3023,1,1.5,5,0.02
0.8775,1,1.5,80,0.04
0.7479,1,1.5,40,0.04
0.6474,1,1.5,20,0.04
0.5598,1,1.5,10,0.04
0.4982,1,1.5,5,0.04
1.438,1,1.5,80,0.08
1.212,1,1.5,40,0.08
1.03,1,1.5,20,0.08
0.8852,1,1.5,10,0.08
0.7765,1,1.5,5,0.08
0.1546,1.25,1.5,80,0.005
0.1342,1.25,1.5,40,0.005
0.1206,1.25,1.5,20,0.005
0.1109,1.25,1.5,10,0.005
0.103,1.25,1.5,5,0.005
0.2855,1.25,1.5,80,0.01
0.2474,1.25,1.5,40,0.01
0.222,1.25,1.5,20,0.01
0.2028,1.25,1.5,10,0.01
0.1853,1.25,1.5,5,0.01
0.5024,1.25,1.5,80,0.02
0.4339,1.25,1.5,40,0.02
0.3877,1.25,1.5,20,0.02
0.3497,1.25,1.5,10,0.02
0.3199,1.25,1.5,5,0.02
0.8425,1.25,1.5,80,0.04
0.729,1.25,1.5,40,0.04
0.6437,1.25,1.5,20,0.04
0.5719,1.25,1.5,10,0.04
0.5168,1.25,1.5,5,0.04
1.361,1.25,1.5,80,0.08
1.166,1.25,1.5,40,0.08
1.015,1.25,1.5,20,0.08
0.8812,1.25,1.5,10,0.08
0.7859,1.25,1.5,5,0.08
0.1597,1.5,1.5,80,0.005
0.1407,1.5,1.5,40,0.005
0.127,1.5,1.5,20,0.005
0.1183,1.5,1.5,10,0.005
0.111,1.5,1.5,5,0.005
0.2921,1.5,1.5,80,0.01
0.2559,1.5,1.5,40,0.01
0.2309,1.5,1.5,20,0.01
0.2137,1.5,1.5,10,0.01
0.1994,1.5,1.5,5,0.01
0.5067,1.5,1.5,80,0.02
0.4415,1.5,1.5,40,0.02
0.3971,1.5,1.5,20,0.02
0.3631,1.5,1.5,10,0.02
0.3358,1.5,1.5,5,0.02
0.8337,1.5,1.5,80,0.04
0.7244,1.5,1.5,40,0.04
0.6485,1.5,1.5,20,0.04
0.5847,1.5,1.5,10,0.04
0.5338,1.5,1.5,5,0.04
1.317,1.5,1.5,80,0.08
1.142,1.5,1.5,40,0.08
1.008,1.5,1.5,20,0.08
0.8884,1.5,1.5,10,0.08
0.7994,1.5,1.5,5,0.08
0.1718,2,1.5,80,0.005
0.1546,2,1.5,40,0.005
0.1414,2,1.5,20,0.005
0.1332,2,1.5,10,0.005
0.1267,2,1.5,5,0.005
0.3082,2,1.5,80,0.01
0.2759,2,1.5,40,0.01
0.2511,2,1.5,20,0.01
0.2352,2,1.5,10,0.01
0.2225,2,1.5,5,0.01
0.5232,2,1.5,80,0.02
0.4642,2,1.5,40,0.02
0.4202,2,1.5,20,0.02
0.3904,2,1.5,10,0.02
0.3658,2,1.5,5,0.02
0.8422,2,1.5,80,0.04
0.7403,2,1.5,40,0.04
0.667,2,1.5,20,0.04
0.6117,2,1.5,10,0.04
0.5664,2,1.5,5,0.04
1.28,2,1.5,80,0.08
1.123,2,1.5,40,0.08
1.01,2,1.5,20,0.08
0.9116,2,1.5,10,0.08
0.8334,2,1.5,5,0.08
0.1851,2.5,1.5,80,0.005
0.169,2.5,1.5,40,0.005
0.1565,2.5,1.5,20,0.005
0.1482,2.5,1.5,10,0.005
0.1423,2.5,1.5,5,0.005
0.3264,2.5,1.5,80,0.01
0.2964,2.5,1.5,40,0.01
0.2727,2.5,1.5,20,0.01
0.2571,2.5,1.5,10,0.01
0.2453,2.5,1.5,5,0.01
0.5431,2.5,1.5,80,0.02
0.489,2.5,1.5,40,0.02
0.4463,2.5,1.5,20,0.02
0.418,2.5,1.5,10,0.02
0.3953,2.5,1.5,5,0.02
0.8554,2.5,1.5,80,0.04
0.7617,2.5,1.5,40,0.04
0.6912,2.5,1.5,20,0.04
0.6408,2.5,1.5,10,0.04
0.5992,2.5,1.5,5,0.04
1.28,2.5,1.5,80,0.08
1.129,2.5,1.5,40,0.08
1.024,2.5,1.5,20,0.08
0.9359,2.5,1.5,10,0.08
0.8647,2.5,1.5,5,0.08
0.1985,3,1.5,80,0.005
0.1832,3,1.5,40,0.005
0.1714,3,1.5,20,0.005
0.163,3,1.5,10,0.005
0.1573,3,1.5,5,0.005
0.3435,3,1.5,80,0.01
0.3151,3,1.5,40,0.01
0.2926,3,1.5,20,0.01
0.2767,3,1.5,10,0.01
0.2652,3,1.5,5,0.01
0.5636,3,1.5,80,0.02
0.5129,3,1.5,40,0.02
0.472,3,1.5,20,0.02
0.4441,3,1.5,10,0.02
0.4226,3,1.5,5,0.02
0.8732,3,1.5,80,0.04
0.786,3,1.5,40,0.04
0.7169,3,1.5,20,0.04
0.6695,3,1.5,10,0.04
0.6307,3,1.5,5,0.04
1.289,3,1.5,80,0.08
1.146,3,1.5,40,0.08
1.043,3,1.5,20,0.08
0.9617,3,1.5,10,0.08
0.8949,3,1.5,5,0.08
0.2233,4,1.5,80,0.005
0.2096,4,1.5,40,0.005
0.1985,4,1.5,20,0.005
0.19,4,1.5,10,0.005
0.1845,4,1.5,5,0.005
0.3775,4,1.5,80,0.01
0.3512,4,1.5,40,0.01
0.3304,4,1.5,20,0.01
0.3144,4,1.5,10,0.01
0.3032,4,1.5,5,0.01
0.6021,4,1.5,80,0.02
0.5559,4,1.5,40,0.02
0.5186,4,1.5,20,0.02
0.4906,4,1.5,10,0.02
0.4705,4,1.5,5,0.02
0.9082,4,1.5,80,0.04
0.8299,4,1.5,40,0.04
0.7656,4,1.5,20,0.04
0.7199,4,1.5,10,0.04
0.6844,4,1.5,5,0.04
1.31,4,1.5,80,0.08
1.183,4,1.5,40,0.08
1.081,4,1.5,20,0.08
1.009,4,1.5,10,0.08
0.9485,4,1.5,5,0.08
0.2472,5,1.5,80,0.005
0.2335,5,1.5,40,0.005
0.2228,5,1.5,20,0.005
0.2141,5,1.5,10,0.005
0.2088,5,1.5,5,0.005
0.4089,5,1.5,80,0.01
0.3841,5,1.5,40,0.01
0.3644,5,1.5,20,0.01
0.3486,5,1.5,10,0.01
0.3382,5,1.5,5,0.01
0.6362,5,1.5,80,0.02
0.5929,5,1.5,40,0.02
0.5579,5,1.5,20,0.02
0.5302,5,1.5,10,0.02
0.5104,5,1.5,5,0.02
0.9404,5,1.5,80,0.04
0.8678,5,1.5,40,0.04
0.808,5,1.5,20,0.04
0.7628,5,1.5,10,0.04
0.729,5,1.5,5,0.04
1.335,5,1.5,80,0.08
1.218,5,1.5,40,0.08
1.119,5,1.5,20,0.08
1.049,5,1.5,10,0.08
0.9934,5,1.5,5,0.08
0.269,6,1.5,80,0.005
0.2557,6,1.5,40,0.005
0.2453,6,1.5,20,0.005
0.2367,6,1.5,10,0.005
0.2314,6,1.5,5,0.005
0.4367,6,1.5,80,0.01
0.4129,6,1.5,40,0.01
0.394,6,1.5,20,0.01
0.3783,6,1.5,10,0.01
0.3676,6,1.5,5,0.01
0.6674,6,1.5,80,0.02
0.6262,6,1.5,40,0.02
0.593,6,1.5,20,0.02
0.5654,6,1.5,10,0.02
0.5485,6,1.5,5,0.02
0.9719,6,1.5,80,0.04
0.9036,6,1.5,40,0.04
0.8476,6,1.5,20,0.04
0.8031,6,1.5,10,0.04
0.7712,6,1.5,5,0.04
1.358,6,1.5,80,0.08
1.248,6,1.5,40,0.08
1.157,6,1.5,20,0.08
1.089,6,1.5,10,0.08
1.038,6,1.5,5,0.08
0.3084,8,1.5,80,0.005
0.2964,8,1.5,40,0.005
0.2867,8,1.5,20,0.005
0.2784,8,1.5,10,0.005
0.2731,8,1.5,5,0.005
0.4861,8,1.5,80,0.01
0.4638,8,1.5,40,0.01
0.4461,8,1.5,20,0.01
0.4305,8,1.5,10,0.01
0.4206,8,1.5,5,0.01
0.7232,8,1.5,80,0.02
0.6854,8,1.5,40,0.02
0.6549,8,1.5,20,0.02
0.6286,8,1.5,10,0.02
0.61,8,1.5,5,0.02
1.025,8,1.5,80,0.04
0.9628,8,1.5,40,0.04
0.9119,8,1.5,20,0.04
0.8688,8,1.5,10,0.04
0.8386,8,1.5,5,0.04
1.401,8,1.5,80,0.08
1.302,8,1.5,40,0.08
1.22,8,1.5,20,0.08
1.154,8,1.5,10,0.08
1.108,8,1.5,5,0.08
0.3438,10,1.5,80,0.005
0.3317,10,1.5,40,0.005
0.3222,10,1.5,20,0.005
0.3141,10,1.5,10,0.005
0.3088,10,1.5,5,0.005
0.5288,10,1.5,80,0.01
0.5076,10,1.5,40,0.01
0.4907,10,1.5,20,0.01
0.4757,10,1.5,10,0.01
0.4672,10,1.5,5,0.01
0.77,10,1.5,80,0.02
0.7344,10,1.5,40,0.02
0.7056,10,1.5,20,0.02
0.6798,10,1.5,10,0.02
0.6624,10,1.5,5,0.02
1.071,10,1.5,80,0.04
1.013,10,1.5,40,0.04
0.9655,10,1.5,20,0.04
0.9238,10,1.5,10,0.04
0.898,10,1.5,5,0.04
1.442,10,1.5,80,0.08
1.35,10,1.5,40,0.08
1.275,10,1.5,20,0.08
1.212,10,1.5,10,0.08
1.167,10,1.5,5,0.08
0.3751,12,1.5,80,0.005
0.3633,12,1.5,40,0.005
0.3543,12,1.5,20,0.005
0.3463,12,1.5,10,0.005
0.3411,12,1.5,5,0.005
0.5664,12,1.5,80,0.01
0.5461,12,1.5,40,0.01
0.5299,12,1.5,20,0.01
0.5167,12,1.5,10,0.01
0.5064,12,1.5,5,0.01
0.811,12,1.5,80,0.02
0.7773,12,1.5,40,0.02
0.7499,12,1.5,20,0.02
0.7248,12,1.5,10,0.02
0.708,12,1.5,5,0.02
1.111,12,1.5,80,0.04
1.058,12,1.5,40,0.04
1.014,12,1.5,20,0.04
0.974,12,1.5,10,0.04
0.9455,12,1.5,5,0.04
1.477,12,1.5,80,0.08
1.391,12,1.5,40,0.08
1.32,12,1.5,20,0.08
1.259,12,1.5,10,0.08
1.216,12,1.5,5,0.08
0.4296,16,1.5,80,0.005
0.4184,16,1.5,40,0.005
0.41,16,1.5,20,0.005
0.4027,16,1.5,10,0.005
0.3966,16,1.5,5,0.005
0.6313,16,1.5,80,0.01
0.6123,16,1.5,40,0.01
0.5978,16,1.5,20,0.01
0.5837,16,1.5,10,0.01
0.5744,16,1.5,5,0.01
0.8802,16,1.5,80,0.02
0.8491,16,1.5,40,0.02
0.8239,16,1.5,20,0.02
0.8005,16,1.5,10,0.02
0.7857,16,1.5,5,0.02
1.181,16,1.5,80,0.04
1.131,16,1.5,40,0.04
1.091,16,1.5,20,0.04
1.054,16,1.5,10,0.04
1.027,16,1.5,5,0.04
1.538,16,1.5,80,0.08
1.461,16,1.5,40,0.08
1.396,16,1.5,20,0.08
1.339,16,1.5,10,0.08
1.302,16,1.5,5,0.08
0.1783,0.5,1.75,80,0.005
0.1475,0.5,1.75,40,0.005
0.1241,0.5,1.75,20,0.005
0.1056,0.5,1.75,10,0.005
0.09308,0.5,1.75,5,0.005
0.3411,0.5,1.75,80,0.01
0.2813,0.5,1.75,40,0.01
0.2358,0.5,1.75,20,0.01
0.1999,0.5,1.75,10,0.01
0.1762,0.5,1.75,5,0.01
0.6288,0.5,1.75,80,0.02
0.5155,0.5,1.75,40,0.02
0.4282,0.5,1.75,20,0.02
0.3609,0.5,1.75,10,0.02
0.3178,0.5,1.75,5,0.02
1.1,0.5,1.75,80,0.04
0.8971,0.5,1.75,40,0.04
0.7377,0.5,1.75,20,0.04
0.6156,0.5,1.75,10,0.04
0.5422,0.5,1.75,5,0.04
1.774,0.5,1.75,80,0.08
1.439,0.5,1.75,40,0.08
1.174,0.5,1.75,20,0.08
0.995,0.5,1.75,10,0.08
0.8825,0.5,1.75,5,0.08
0.1582,0.75,1.75,80,0.005
0.1359,0.75,1.75,40,0.005
0.1199,0.75,1.75,20,0.005
0.1069,0.75,1.75,10,0.005
0.09679,0.75,1.75,5,0.005
0.2971,0.75,1.75,80,0.01
0.2548,0.75,1.75,40,0.01
0.2229,0.75,1.75,20,0.01
0.1965,0.75,1.75,10,0.01
0.1768,0.75,1.75,5,0.01
0.5429,0.75,1.75,80,0.02
0.4615,0.75,1.75,40,0.02
0.3984,0.75,1.75,20,0.02
0.3482,0.75,1.75,10,0.02
0.311,0.75,1.75,5,0.02
0.9443,0.75,1.75,80,0.04
0.7972,0.75,1.75,40,0.04
0.6808,0.75,1.75,20,0.04
0.588,0.75,1.75,10,0.04
0.5226,0.75,1.75,5,0.04
1.547,0.75,1.75,80,0.08
1.298,0.75,1.75,40,0.08
1.095,0.75,1.75,20,0.08
0.9356,0.75,1.75,10,0.08
0.8215,0.75,1.75,5,0.08
0.1591,1,1.75,80,0.005
0.1385,1,1.75,40,0.005
0.1252,1,1.75,20,0.005
0.1148,1,1.75,10,0.005
0.1064,1,1.75,5,0.005
0.2925,1,1.75,80,0.01
0.2539,1,1.75,40,0.01
0.2284,1,1.75,20,0.01
0.2076,1,1.75,10,0.01
0.1908,1,1.75,5,0.01
0.5184,1,1.75,80,0.02
0.4506,1,1.75,40,0.02
0.402,1,1.75,20,0.02
0.3585,1,1.75,10,0.02
0.3262,1,1.75,5,0.02
0.8807,1,1.75,80,0.04
0.7596,1,1.75,40,0.04
0.6646,1,1.75,20,0.04
0.5863,1,1.75,10,0.04
0.5278,1,1.75,5,0.04
1.425,1,1.75,80,0.08
1.216,1,1.75,40,0.08
1.054,1,1.75,20,0.08
0.9137,1,1.75,10,0.08
0.814,1,1.75,5,0.08
0.165,1.25,1.75,80,0.005
0.1459,1.25,1.75,40,0.005
0.1328,1.25,1.75,20,0.005
0.1238,1.25,1.75,10,0.005
0.1162,1.25,1.75,5,0.005
0.3008,1.25,1.75,80,0.01
0.2646,1.25,1.75,40,0.01
0.2404,1.25,1.75,20,0.01
0.2224,1.25,1.75,10,0.01
0.2078,1.25,1.75,5,0.01
0.5197,1.25,1.75,80,0.02
0.4548,1.25,1.75,40,0.02
0.4116,1.25,1.75,20,0.02
0.3764,1.25,1.75,10,0.02
0.3476,1.25,1.75,5,0.02
0.8545,1.25,1.75,80,0.04
0.7489,1.25,1.75,40,0.04
0.6699,1.25,1.75,20,0.04
0.6035,1.25,1.75,10,0.04
0.5464,1.25,1.75,5,0.04
1.362,1.25,1.75,80,0.08
1.18,1.25,1.75,40,0.08
1.036,1.25,1.75,20,0.08
0.9144,1.25,1.75,10,0.08
0.8235,1.25,1.75,5,0.08
0.173,1.5,1.75,80,0.005
0.1551,1.5,1.75,40,0.005
0.1419,1.5,1.75,20,0.005
0.1336,1.5,1.75,10,0.005
0.1267,1.5,1.75,5,0.005
0.3111,1.5,1.75,80,0.01
0.2773,1.5,1.75,40,0.01
0.253,1.5,1.75,20,0.01
0.2366,1.5,1.75,10,0.01
0.2208,1.5,1.75,5,0.01
0.5294,1.5,1.75,80,0.02
0.4679,1.5,1.75,40,0.02
0.4241,1.5,1.75,20,0.02
0.3937,1.5,1.75,10,0.02
0.3672,1.5,1.75,5,0.02
0.8536,1.5,1.75,80,0.04
0.7509,1.5,1.75,40,0.04
0.68,1.5,1.75,20,0.04
0.6203,1.5,1.75,10,0.04
0.5676,1.5,1.75,5,0.04
1.326,1.5,1.75,80,0.08
1.163,1.5,1.75,40,0.08
1.033,1.5,1.75,20,0.08
0.925,1.5,1.75,10,0.08
0.8404,1.5,1.75,5,0.08
0.1896,2,1.75,80,0.005
0.1733,2,1.75,40,0.005
0.1607,2,1.75,20,0.005
0.1525,2,1.75,10,0.005
0.1464,2,1.75,5,0.005
0.3333,2,1.75,80,0.01
0.303,2,1.75,40,0.01
0.2791,2,1.75,20,0.01
0.2636,2,1.75,10,0.01
0.2516,2,1.75,5,0.01
0.5529,2,1.75,80,0.02
0.498,2,1.75,40,0.02
0.4559,2,1.75,20,0.02
0.4273,2,1.75,10,0.02
0.4035,2,1.75,5,0.02
0.8692,2,1.75,80,0.04
0.774,2,1.75,40,0.04
0.7066,2,1.75,20,0.04
0.6543,2,1.75,10,0.04
0.6111,2,1.75,5,0.04
1.3,2,1.75,80,0.08
1.153,2,1.75,40,0.08
1.047,2,1.75,20,0.08
0.9556,2,1.75,10,0.08
0.876,2,1.75,5,0.08
0.2066,2.5,1.75,80,0.005
0.1913,2.5,1.75,40,0.005
0.1794,2.5,1.75,20,0.005
0.171,2.5,1.75,10,0.005
0.1651,2.5,1.75,5,0.005
0.3562,2.5,1.75,80,0.01
0.3279,2.5,1.75,40,0.01
0.3054,2.5,1.75,20,0.01
0.2899,2.5,1.75,10,0.01
0.2782,2.5,1.75,5,0.01
0.5783,2.5,1.75,80,0.02
0.5278,2.5,1.75,40,0.02
0.4872,2.5,1.75,20,0.02
0.4598,2.5,1.75,10,0.02
0.4379,2.5,1.75,5,0.02
0.8903,2.5,1.75,80,0.04
0.8035,2.5,1.75,40,0.04
0.7365,2.5,1.75,20,0.04
0.6889,2.5,1.75,10,0.04
0.6495,2.5,1.75,5,0.04
1.308,2.5,1.75,80,0.08
1.166,2.5,1.75,40,0.08
1.067,2.5,1.75,20,0.08
0.985,2.5,1.75,10,0.08
0.9173,2.5,1.75,5,0.08
0.2226,3,1.75,80,0.005
0.2079,3,1.75,40,0.005
0.1965,3,1.75,20,0.005
0.188,3,1.75,10,0.005
0.1833,3,1.75,5,0.005
0.3772,3,1.75,80,0.01
0.3503,3,1.75,40,0.01
0.329,3,1.75,20,0.01
0.3134,3,1.75,10,0.01
0.3018,3,1.75,5,0.01
0.6016,3,1.75,80,0.02
0.5539,3,1.75,40,0.02
0.5156,3,1.75,20,0.02
0.4881,3,1.75,10,0.02
0.4668,3,1.75,5,0.02
0.9126,3,1.75,80,0.04
0.8319,3,1.75,40,0.04
0.7666,3,1.75,20,0.04
0.7215,3,1.75,10,0.04
0.6843,3,1.75,5,0.04
1.321,3,1.75,80,0.08
1.189,3,1.75,40,0.08
1.091,3,1.75,20,0.08
1.011,3,1.75,10,0.08
0.9484,3,1.75,5,0.08
0.2534,4,1.75,80,0.005
0.2396,4,1.75,40,0.005
0.2288,4,1.75,20,0.005
0.2203,4,1.75,10,0.005
0.2149,4,1.75,5,0.005
0.4174,4,1.75,80,0.01
0.3925,4,1.75,40,0.01
0.3726,4,1.75,20,0.01
0.3572,4,1.75,10,0.01
0.3466,4,1.75,5,0.01
0.6467,4,1.75,80,0.02
0.6032,4,1.75,40,0.02
0.568,4,1.75,20,0.02
0.5406,4,1.75,10,0.02
0.5206,4,1.75,5,0.02
0.9524,4,1.75,80,0.04
0.8795,4,1.75,40,0.04
0.8195,4,1.75,20,0.04
0.7751,4,1.75,10,0.04
0.7405,4,1.75,5,0.04
1.347,4,1.75,80,0.08
1.232,4,1.75,40,0.08
1.134,4,1.75,20,0.08
1.065,4,1.75,10,0.08
1.008,4,1.75,5,0.08
0.2811,5,1.75,80,0.005
0.2678,5,1.75,40,0.005
0.2575,5,1.75,20,0.005
0.249,5,1.75,10,0.005
0.2446,5,1.75,5,0.005
0.4523,5,1.75,80,0.01
0.4287,5,1.75,40,0.01
0.41,5,1.75,20,0.01
0.3943,5,1.75,10,0.01
0.3838,5,1.75,5,0.01
0.6855,5,1.75,80,0.02
0.6464,5,1.75,40,0.02
0.614,5,1.75,20,0.02
0.5871,5,1.75,10,0.02
0.5684,5,1.75,5,0.02
0.9913,5,1.75,80,0.04
0.9239,5,1.75,40,0.04
0.8686,5,1.75,20,0.04
0.8255,5,1.75,10,0.04
0.7934,5,1.75,5,0.04
1.377,5,1.75,80,0.08
1.269,5,1.75,40,0.08
1.179,5,1.75,20,0.08
1.113,5,1.75,10,0.08
1.061,5,1.75,5,0.08
0.307,6,1.75,80,0.005
0.2944,6,1.75,40,0.005
0.2844,6,1.75,20,0.005
0.2762,6,1.75,10,0.005
0.2706,6,1.75,5,0.005
0.484,6,1.75,80,0.01
0.4614,6,1.75,40,0.01
0.4434,6,1.75,20,0.01
0.4279,6,1.75,10,0.01
0.4176,6,1.75,5,0.01
0.7217,6,1.75,80,0.02
0.6833,6,1.75,40,0.02
0.6521,6,1.75,20,0.02
0.626,6,1.75,10,0.02
0.6069,6,1.75,5,0.02
1.025,6,1.75,80,0.04
0.9615,6,1.75,40,0.04
0.9093,6,1.75,20,0.04
0.8667,6,1.75,10,0.04
0.8356,6,1.75,5,0.04
1.404,6,1.75,80,0.08
1.303,6,1.75,40,0.08
1.219,6,1.75,20,0.08
1.154,6,1.75,10,0.08
1.108,6,1.75,5,0.08
0.3522,8,1.75,80,0.005
0.3401,8,1.75,40,0.005
0.3307,8,1.75,20,0.005
0.3226,8,1.75,10,0.005
0.3173,8,1.75,5,0.005
0.5392,8,1.75,80,0.01
0.5191,8,1.75,40,0.01
0.5025,8,1.75,20,0.01
0.4879,8,1.75,10,0.01
0.4776,8,1.75,5,0.01
0.7822,8,1.75,80,0.02
0.7468,8,1.75,40,0.02
0.7181,8,1.75,20,0.02
0.6928,8,1.75,10,0.02
0.6751,8,1.75,5,0.02
1.084,8,1.75,80,0.04
1.028,8,1.75,40,0.04
0.9789,8,1.75,20,0.04
0.9405,8,1.75,10,0.04
0.912,8,1.75,5,0.04
1.455,8,1.75,80,0.08
1.364,8,1.75,40,0.08
1.288,8,1.75,20,0.08
1.227,8,1.75,10,0.08
1.182,8,1.75,5,0.08
0.3918,10,1.75,80,0.005
0.3801,10,1.75,40,0.005
0.3711,10,1.75,20,0.005
0.3632,10,1.75,10,0.005
0.3581,10,1.75,5,0.005
0.587,10,1.75,80,0.01
0.5671,10,1.75,40,0.01
0.5515,10,1.75,20,0.01
0.5369,10,1.75,10,0.01
0.5272,10,1.75,5,0.01
0.833,10,1.75,80,0.02
0.7998,10,1.75,40,0.02
0.7729,10,1.75,20,0.02
0.7484,10,1.75,10,0.02
0.7338,10,1.75,5,0.02
1.135,10,1.75,80,0.04
1.082,10,1.75,40,0.04
1.038,10,1.75,20,0.04
0.9997,10,1.75,10,0.04
0.9713,10,1.75,5,0.04
1.499,10,1.75,80,0.08
1.415,10,1.75,40,0.08
1.345,10,1.75,20,0.08
1.286,10,1.75,10,0.08
1.246,10,1.75,5,0.08
0.4267,12,1.75,80,0.005
0.4154,12,1.75,40,0.005
0.4068,12,1.75,20,0.005
0.3992,12,1.75,10,0.005
0.3939,12,1.75,5,0.005
0.6279,12,1.75,80,0.01
0.6088,12,1.75,40,0.01
0.5936,12,1.75,20,0.01
0.58,12,1.75,10,0.01
0.5706,12,1.75,5,0.01
0.8771,12,1.75,80,0.02
0.8456,12,1.75,40,0.02
0.8201,12,1.75,20,0.02
0.7965,12,1.75,10,0.02
0.7816,12,1.75,5,0.02
1.179,12,1.75,80,0.04
1.128,12,1.75,40,0.04
1.087,12,1.75,20,0.04
1.05,12,1.75,10,0.04
1.023,12,1.75,5,0.04
1.537,12,1.75,80,0.08
1.459,12,1.75,40,0.08
1.394,12,1.75,20,0.08
1.336,12,1.75,10,0.08
1.299,12,1.75,5,0.08
0.4869,16,1.75,80,0.005
0.4765,16,1.75,40,0.005
0.4685,16,1.75,20,0.005
0.4602,16,1.75,10,0.005
0.4542,16,1.75,5,0.005
0.6974,16,1.75,80,0.01
0.6798,16,1.75,40,0.01
0.666,16,1.75,20,0.01
0.6521,16,1.75,10,0.01
0.6421,16,1.75,5,0.01
0.9512,16,1.75,80,0.02
0.9224,16,1.75,40,0.02
0.8989,16,1.75,20,0.02
0.8784,16,1.75,10,0.02
0.8617,16,1.75,5,0.02
1.252,16,1.75,80,0.04
1.207,16,1.75,40,0.04
1.169,16,1.75,20,0.04
1.134,16,1.75,10,0.04
1.111,16,1.75,5,0.04
1.604,16,1.75,80,0.08
1.533,16,1.75,40,0.08
1.474,16,1.75,20,0.08
1.423,16,1.75,10,0.08
1.385,16,1.75,5,0.08
0.1787,0.5,2,80,0.005
0.1507,0.5,2,40,0.005
0.1292,0.5,2,20,0.005
0.1129,0.5,2,10,0.005
0.101,0.5,2,5,0.005
0.3396,0.5,2,80,0.01
0.285,0.5,2,40,0.01
0.2436,0.5,2,20,0.01
0.2102,0.5,2,10,0.01
0.1874,0.5,2,5,0.01
0.6271,0.5,2,80,0.02
0.5241,0.5,2,40,0.02
0.4409,0.5,2,20,0.02
0.3776,0.5,2,10,0.02
0.3361,0.5,2,5,0.02
1.095,0.5,2,80,0.04
0.9067,0.5,2,40,0.04
0.7577,0.5,2,20,0.04
0.6413,0.5,2,10,0.04
0.5699,0.5,2,5,0.04
1.777,0.5,2,80,0.08
1.457,0.5,2,40,0.08
1.204,0.5,2,20,0.08
1.026,0.5,2,10,0.08
0.9147,0.5,2,5,0.08
0.1635,0.75,2,80,0.005
0.1425,0.75,2,40,0.005
0.1266,0.75,2,20,0.005
0.1144,0.75,2,10,0.005
0.1048,0.75,2,5,0.005
0.3039,0.75,2,80,0.01
0.2639,0.75,2,40,0.01
0.235,0.75,2,20,0.01
0.2112,0.75,2,10,0.01
0.1925,0.75,2,5,0.01
0.5469,0.75,2,80,0.02
0.4728,0.75,2,40,0.02
0.416,0.75,2,20,0.02
0.3699,0.75,2,10,0.02
0.3344,0.75,2,5,0.02
0.9438,0.75,2,80,0.04
0.8069,0.75,2,40,0.04
0.7038,0.75,2,20,0.04
0.6117,0.75,2,10,0.04
0.5482,0.75,2,5,0.04
1.542,0.75,2,80,0.08
1.308,0.75,2,40,0.08
1.124,0.75,2,20,0.08
0.9653,0.75,2,10,0.08
0.8549,0.75,2,5,0.08
0.1687,1,2,80,0.005
0.1488,1,2,40,0.005
0.1361,1,2,20,0.005
0.125,1,2,10,0.005
0.1168,1,2,5,0.005
0.306,1,2,80,0.01
0.2689,1,2,40,0.01
0.2449,1,2,20,0.01
0.2252,1,2,10,0.01
0.2091,1,2,5,0.01
0.531,1,2,80,0.02
0.467,1,2,40,0.02
0.4207,1,2,20,0.02
0.3822,1,2,10,0.02
0.3513,1,2,5,0.02
0.8889,1,2,80,0.04
0.7755,1,2,40,0.04
0.6889,1,2,20,0.04
0.6174,1,2,10,0.04
0.5559,1,2,5,0.04
1.428,1,2,80,0.08
1.232,1,2,40,0.08
1.077,1,2,20,0.08
0.9503,1,2,10,0.08
0.8471,1,2,5,0.08
0.1776,1.25,2,80,0.005
0.1594,1.25,2,40,0.005
0.1465,1.25,2,20,0.005
0.1377,1.25,2,10,0.005
0.1305,1.25,2,5,0.005
0.3171,1.25,2,80,0.01
0.2827,1.25,2,40,0.01
0.259,1.25,2,20,0.01
0.2417,1.25,2,10,0.01
0.2272,1.25,2,5,0.01
0.5414,1.25,2,80,0.02
0.4792,1.25,2,40,0.02
0.4353,1.25,2,20,0.02
0.4013,1.25,2,10,0.02
0.374,1.25,2,5,0.02
0.8707,1.25,2,80,0.04
0.7703,1.25,2,40,0.04
0.6957,1.25,2,20,0.04
0.6324,1.25,2,10,0.04
0.5814,1.25,2,5,0.04
1.369,1.25,2,80,0.08
1.197,1.25,2,40,0.08
1.064,1.25,2,20,0.08
0.9463,1.25,2,10,0.08
0.8576,1.25,2,5,0.08
0.1879,1.5,2,80,0.005
0.1709,1.5,2,40,0.005
0.158,1.5,2,20,0.005
0.1498,1.5,2,10,0.005
0.1431,1.5,2,5,0.005
0.3307,1.5,2,80,0.01
0.2988,1.5,2,40,0.01
0.2751,1.5,2,20,0.01
0.2589,1.5,2,10,0.01
0.2457,1.5,2,5,0.01
0.5528,1.5,2,80,0.02
0.4947,1.5,2,40,0.02
0.4534,1.5,2,20,0.02
0.4225,1.5,2,10,0.02
0.3968,1.5,2,5,0.02
0.8763,1.5,2,80,0.04
0.7776,1.5,2,40,0.04
0.7103,1.5,2,20,0.04
0.6529,1.5,2,10,0.04
0.6061,1.5,2,5,0.04
1.339,1.5,2,80,0.08
1.183,1.5,2,40,0.08
1.065,1.5,2,20,0.08
0.9577,1.5,2,10,0.08
0.8767,1.5,2,5,0.08
0.2087,2,2,80,0.005
0.1931,2,2,40,0.005
0.1809,2,2,20,0.005
0.1728,2,2,10,0.005
0.1666,2,2,5,0.005
0.3583,2,2,80,0.01
0.3293,2,2,40,0.01
0.3063,2,2,20,0.01
0.291,2,2,10,0.01
0.2787,2,2,5,0.01
0.5843,2,2,80,0.02
0.5326,2,2,40,0.02
0.4921,2,2,20,0.02
0.4642,2,2,10,0.02
0.4417,2,2,5,0.02
0.9004,2,2,80,0.04
0.8113,2,2,40,0.04
0.7465,2,2,20,0.04
0.6929,2,2,10,0.04
0.651,2,2,5,0.04
1.323,2,2,80,0.08
1.187,2,2,40,0.08
1.082,2,2,20,0.08
0.9941,2,2,10,0.08
0.9224,2,2,5,0.08
0.2283,2.5,2,80,0.005
0.2135,2.5,2,40,0.005
0.202,2.5,2,20,0.005
0.1936,2.5,2,10,0.005
0.1877,2.5,2,5,0.005
0.3854,2.5,2,80,0.01
0.3583,2.5,2,40,0.01
0.3367,2.5,2,20,0.01
0.3215,2.5,2,10,0.01
0.3096,2.5,2,5,0.01
0.6122,2.5,2,80,0.02
0.5643,2.5,2,40,0.02
0.5254,2.5,2,20,0.02
0.4984,2.5,2,10,0.02
0.4766,2.5,2,5,0.02
0.924,2.5,2,80,0.04
0.845,2.5,2,40,0.04
0.7784,2.5,2,20,0.04
0.7319,2.5,2,10,0.04
0.6932,2.5,2,5,0.04
1.336,2.5,2,80,0.08
1.202,2.5,2,40,0.08
1.107,2.5,2,20,0.08
1.029,2.5,2,10,0.08
0.9634,2.5,2,5,0.08
0.248,3,2,80,0.005
0.2339,3,2,40,0.005
0.2228,3,2,20,0.005
0.2143,3,2,10,0.005
0.2086,3,2,5,0.005
0.4097,3,2,80,0.01
0.3839,3,2,40,0.01
0.3634,3,2,20,0.01
0.3478,3,2,10,0.01
0.3384,3,2,5,0.01
0.6408,3,2,80,0.02
0.5957,3,2,40,0.02
0.5593,3,2,20,0.02
0.5326,3,2,10,0.02
0.5122,3,2,5,0.02
0.95,3,2,80,0.04
0.874,3,2,40,0.04
0.8118,3,2,20,0.04
0.7681,3,2,10,0.04
0.7326,3,2,5,0.04
1.353,3,2,80,0.08
1.229,3,2,40,0.08
1.135,3,2,20,0.08
1.063,3,2,10,0.08
1.002,3,2,5,0.08
0.2829,4,2,80,0.005
0.2695,4,2,40,0.005
0.2591,4,2,20,0.005
0.2507,4,2,10,0.005
0.2451,4,2,5,0.005
0.4551,4,2,80,0.01
0.4313,4,2,40,0.01
0.4123,4,2,20,0.01
0.3968,4,2,10,0.01
0.3861,4,2,5,0.01
0.6895,4,2,80,0.02
0.6484,4,2,40,0.02
0.6149,4,2,20,0.02
0.5885,4,2,10,0.02
0.5717,4,2,5,0.02
0.9972,4,2,80,0.04
0.9288,4,2,40,0.04
0.8726,4,2,20,0.04
0.83,4,2,10,0.04
0.7968,4,2,5,0.04
1.387,4,2,80,0.08
1.276,4,2,40,0.08
1.187,4,2,20,0.08
1.121,4,2,10,0.08
1.067,4,2,5,0.08
0.315,5,2,80,0.005
0.3022,5,2,40,0.005
0.2923,5,2,20,0.005
0.2839,5,2,10,0.005
0.2785,5,2,5,0.005
0.4941,5,2,80,0.01
0.4715,5,2,40,0.01
0.4535,5,2,20,0.01
0.4381,5,2,10,0.01
0.4278,5,2,5,0.01
0.7337,5,2,80,0.02
0.6952,5,2,40,0.02
0.6642,5,2,20,0.02
0.6385,5,2,10,0.02
0.6191,5,2,5,0.02
1.038,5,2,80,0.04
0.9747,5,2,40,0.04
0.9227,5,2,20,0.04
0.881,5,2,10,0.04
0.8495,5,2,5,0.04
1.418,5,2,80,0.08
1.317,5,2,40,0.08
1.233,5,2,20,0.08
1.171,5,2,10,0.08
1.12,5,2,5,0.08
0.3436,6,2,80,0.005
0.3313,6,2,40,0.005
0.3216,6,2,20,0.005
0.3134,6,2,10,0.005
0.3081,6,2,5,0.005
0.5288,6,2,80,0.01
0.5071,6,2,40,0.01
0.4899,6,2,20,0.01
0.4767,6,2,10,0.01
0.4661,6,2,5,0.01
0.7714,6,2,80,0.02
0.735,6,2,40,0.02
0.7055,6,2,20,0.02
0.6801,6,2,10,0.02
0.662,6,2,5,0.02
1.075,6,2,80,0.04
1.015,6,2,40,0.04
0.9662,6,2,20,0.04
0.9255,6,2,10,0.04
0.8984,6,2,5,0.04
1.45,6,2,80,0.08
1.356,6,2,40,0.08
1.278,6,2,20,0.08
1.217,6,2,10,0.08
1.17,6,2,5,0.08
0.3938,8,2,80,0.005
0.3822,8,2,40,0.005
0.3731,8,2,20,0.005
0.3652,8,2,10,0.005
0.3601,8,2,5,0.005
0.5898,8,2,80,0.01
0.5697,8,2,40,0.01
0.5537,8,2,20,0.01
0.5394,8,2,10,0.01
0.5297,8,2,5,0.01
0.8365,8,2,80,0.02
0.803,8,2,40,0.02
0.776,8,2,20,0.02
0.7518,8,2,10,0.02
0.7361,8,2,5,0.02
1.14,8,2,80,0.04
1.086,8,2,40,0.04
1.042,8,2,20,0.04
1.004,8,2,10,0.04
0.9751,8,2,5,0.04
1.504,8,2,80,0.08
1.42,8,2,40,0.08
1.349,8,2,20,0.08
1.292,8,2,10,0.08
1.247,8,2,5,0.08
0.437,10,2,80,0.005
0.4258,10,2,40,0.005
0.4172,10,2,20,0.005
0.4097,10,2,10,0.005
0.4044,10,2,5,0.005
0.6402,10,2,80,0.01
0.6212,10,2,40,0.01
0.606,10,2,20,0.01
0.5925,10,2,10,0.01
0.5832,10,2,5,0.01
0.8905,10,2,80,0.02
0.8592,10,2,40,0.02
0.8339,10,2,20,0.02
0.8125,10,2,10,0.02
0.7959,10,2,5,0.02
1.193,10,2,80,0.04
1.143,10,2,40,0.04
1.102,10,2,20,0.04
1.065,10,2,10,0.04
1.038,10,2,5,0.04
1.552,10,2,80,0.08
1.474,10,2,40,0.08
1.409,10,2,20,0.08
1.353,10,2,10,0.08
1.315,10,2,5,0.08
0.4749,12,2,80,0.005
0.4641,12,2,40,0.005
0.456,12,2,20,0.005
0.4485,12,2,10,0.005
0.443,12,2,5,0.005
0.6839,12,2,80,0.01
0.6656,12,2,40,0.01
0.6513,12,2,20,0.01
0.6384,12,2,10,0.01
0.629,12,2,5,0.01
0.9372,12,2,80,0.02
0.9075,12,2,40,0.02
0.8835,12,2,20,0.02
0.8629,12,2,10,0.02
0.8471,12,2,5,0.02
1.239,12,2,80,0.04
1.192,12,2,40,0.04
1.154,12,2,20,0.04
1.118,12,2,10,0.04
1.095,12,2,5,0.04
1.593,12,2,80,0.08
1.52,12,2,40,0.08
1.459,12,2,20,0.08
1.406,12,2,10,0.08
1.369,12,2,5,0.08
0.5399,16,2,80,0.005
0.5296,16,2,40,0.005
0.5219,16,2,20,0.005
0.515,16,2,10,0.005
0.5081,16,2,5,0.005
0.7575,16,2,80,0.01
0.7406,16,2,40,0.01
0.7276,16,2,20,0.01
0.7146,16,2,10,0.01
0.705,16,2,5,0.01
1.015,16,2,80,0.02
0.9889,16,2,40,0.02
0.967,16,2,20,0.02
0.947,16,2,10,0.02
0.931,16,2,5,0.02
1.316,16,2,80,0.04
1.274,16,2,40,0.04
1.239,16,2,20,0.04
1.206,16,2,10,0.04
1.185,16,2,5,0.04
1.664,16,2,80,0.08
1.6,16,2,40,0.08
1.545,16,2,20,0.08
1.496,16,2,10,0.08
1.461,16,2,5,0.08
